"id","title","year","age","imdb","rotten_tomatoes","type"
4083,"Assassination Nation",2018,"18+",null,"64/100",0
4092,"Soul Food",1997,"18+",null,"63/100",0
4094,"Hail Satan?",2019,"18+",null,"63/100",0
4095,"Tiny Toon Adventures: How I Spent My Vacation",1992,null,null,"63/100",0
4096,"Little Fish",2021,"16+",null,"63/100",0
4097,"Aniara",2019,"18+",null,"63/100",0
4099,"Beach Rats",2017,"18+",null,"63/100",0
4100,"The Hero",2017,"18+",null,"63/100",0
4093,"My Scientology Movie",2016,null,null,"63/100",0
4081,"The Little Hours",2017,"18+",null,"64/100",0
4079,"Shirley",2020,"18+",null,"64/100",0
4077,"Sweet Virginia",2017,"18+",null,"64/100",0
4057,"A Beautiful Planet",2016,"all",null,"64/100",0
4059,"The Indian in the Cupboard",1995,"7+",null,"64/100",0
4061,"Amazing Grace",2018,"all",null,"64/100",0
4063,"Plus One",2019,null,null,"64/100",0
4064,"Luce",2019,"18+",null,"64/100",0
4065,"I Still Believe",2020,"7+",null,"64/100",0
4066,"Last Chance Harvey",2008,"13+",null,"64/100",0
4067,"The Tuxedo",2002,"13+",null,"64/100",0
4068,"Fear of Rain",2021,"13+",null,"64/100",0
4069,"Southbound",2015,"18+",null,"64/100",0
4071,"Lo and Behold: Reveries of the Connected World",2016,"13+",null,"64/100",0
4072,"The Queen of Versailles",2012,"7+",null,"64/100",0
4073,"Intermission",2003,"18+",null,"64/100",0
4074,"Lords of Chaos",2018,"18+",null,"64/100",0
4075,"Playing It Cool",2014,"18+",null,"64/100",0
4055,"The Rhythm Section",2020,"18+",null,"64/100",0
3996,"Charlotte's Web",1973,"all",null,"66/100",0
3994,"AKA Jane Roe",2020,"18+",null,"66/100",0
3993,"My Friend Dahmer",2017,"18+",null,"66/100",0
3921,"Like Crazy",2011,"13+",null,"69/100",0
3924,"The November Man",2014,"18+",null,"69/100",0
3925,"The 33",2015,"13+",null,"69/100",0
3926,"Force Majeure",2014,"18+",null,"69/100",0
3927,"The Beatles: Eight Days a Week - The Touring Years",2016,null,null,"69/100",0
3928,"In a World...",2013,"18+",null,"69/100",0
3920,"The Forbidden Kingdom",2008,"13+",null,"69/100",0
3930,"Willy's Wonderland",2021,"18+",null,"69/100",0
3932,"Young Adult",2011,"18+",null,"69/100",0
3933,"The Biggest Little Farm",2019,"7+",null,"69/100",0
3935,"Cartel Land",2015,"18+",null,"69/100",0
3936,"Mercury Rising",1998,"16+",null,"69/100",0
3938,"Border",2018,"18+",null,"68/100",0
3939,"The Art of Self-Defense",2019,"18+",null,"68/100",0
3931,"Trolls World Tour",2020,"7+",null,"69/100",0
3919,"Florence Foster Jenkins",2016,"13+",null,"69/100",0
3918,"47 Meters Down",2017,"13+",null,"69/100",0
3917,"Wayne's World 2",1993,"13+",null,"69/100",0
3890,"Free Fall",2013,null,null,"71/100",0
3892,"Colossal",2017,"18+",null,"71/100",0
3893,"Odd Thomas",2013,"13+",null,"70/100",0
3895,"To Die For",1995,"18+",null,"70/100",0
3896,"Sputnik",2020,"18+",null,"70/100",0
3900,"The Iron Lady",2011,"13+",null,"70/100",0
3901,"From Paris with Love",2010,"18+",null,"70/100",0
3902,"Arachnophobia",1990,"13+",null,"70/100",0
3904,"The Time Machine",2002,"13+",null,"70/100",0
3905,"The Last Stand",2013,"18+",null,"70/100",0
3908,"Honeyland",2019,null,null,"70/100",0
3912,"Coyote Ugly",2000,"13+",null,"70/100",0
3913,"El Dorado",1966,"all",null,"70/100",0
3914,"Ingrid Goes West",2017,"18+",null,"70/100",0
3941,"Zappa",2020,null,null,"68/100",0
3943,"Sinbad: Legend of the Seven Seas",2003,"7+",null,"68/100",0
3944,"Some Kind of Heaven",2021,"13+",null,"68/100",0
3945,"Missing Link",2019,"7+",null,"68/100",0
3973,"Red Dawn",2012,"13+",null,"67/100",0
3975,"Borg vs McEnroe",2017,"18+",null,"67/100",0
3977,"Babyteeth",2020,null,null,"67/100",0
3979,"The United States vs. Billie Holiday",2021,"18+",null,"67/100",0
3980,"The Congress",2013,null,null,"67/100",0
3981,"Jesus Camp",2006,"13+",null,"67/100",0
3982,"A Hologram for the King",2016,"18+",null,"67/100",0
3983,"The Connection",2014,"18+",null,"67/100",0
3984,"The Haunting in Connecticut",2009,"13+",null,"67/100",0
3985,"Destroyer",2018,"18+",null,"66/100",0
3986,"McLintock!",1963,null,null,"66/100",0
3987,"The Assistant",2020,"18+",null,"66/100",0
3988,"Rookie of the Year",1993,"7+",null,"66/100",0
3990,"Grudge Match",2013,"13+",null,"66/100",0
3992,"Spontaneous",2020,"18+",null,"66/100",0
3968,"Ammonite",2020,"18+",null,"67/100",0
4104,"Two of Us",2019,null,null,"63/100",0
3967,"Dogman",2018,null,null,"67/100",0
3965,"Timeline",2003,"13+",null,"67/100",0
3946,"The Amazing Johnathan Documentary",2019,null,null,"68/100",0
3947,"Dora and the Lost City of Gold",2019,"7+",null,"68/100",0
3951,"Universal Soldier",1992,"18+",null,"68/100",0
3952,"The Addams Family",2019,"7+",null,"68/100",0
3954,"Hollow Man",2000,"18+",null,"68/100",0
3955,"The Messenger",2009,"18+",null,"68/100",0
3956,"""20,000 Days on Earth""",2014,null,null,"67/100",0
3957,"Sightseers",2012,null,null,"67/100",0
3958,"Rules of Engagement",2000,"18+",null,"67/100",0
3959,"Diary of a Wimpy Kid",2010,"7+",null,"67/100",0
3960,"Antebellum",2020,"18+",null,"67/100",0
3961,"Hellbound: Hellraiser II",1988,"18+",null,"67/100",0
3962,"I Feel Pretty",2018,"13+",null,"67/100",0
3963,"Child's Play",2019,"18+",null,"67/100",0
3964,"The Hustle",2019,"13+",null,"67/100",0
3966,"Super Dark Times",2017,null,null,"67/100",0
4106,"Walking Tall",1973,"18+",null,"63/100",0
4107,"The Postcard Killings",2020,"18+",null,"63/100",0
4108,"Barking Dogs Never Bite",2000,null,null,"63/100",0
4248,"Maze",2017,null,null,"58/100",0
4249,"Bull",2020,"18+",null,"58/100",0
4250,"Bad Hair",2021,null,null,"58/100",0
4251,"Little Joe",2019,null,null,"58/100",0
4252,"The Orange Years: The Nickelodeon Story",2020,null,null,"58/100",0
4254,"The Fight",2020,"13+",null,"58/100",0
4245,"28 Hotel Rooms",2012,null,null,"59/100",0
4255,"The Mandela Effect",2019,null,null,"58/100",0
4261,"Crypto",2019,"18+",null,"58/100",0
4264,"The Owners",2020,null,null,"58/100",0
4265,"The Sweet Life",2017,null,null,"58/100",0
4266,"The Panama Papers",2018,"13+",null,"58/100",0
4257,"The Ladies Man",2000,"18+",null,"58/100",0
4243,"Getting Go: The Go Doc Project",2013,null,null,"59/100",0
4242,"Neil Young: Heart of Gold",2006,"7+",null,"59/100",0
4241,"The Final Member",2012,"18+",null,"59/100",0
4225,"Running with the Devil",2019,"18+",null,"59/100",0
4226,"You Cannot Kill David Arquette",2020,"18+",null,"59/100",0
4227,"100% Wolf",2020,"7+",null,"59/100",0
4228,"Bad Company",1972,"7+",null,"59/100",0
4229,"Pilgrimage",2017,null,null,"59/100",0
4230,"Reaching for the Moon",2013,null,null,"59/100",0
4231,"Night of the Kings",2021,"18+",null,"59/100",0
4232,"Overdrive",2017,"13+",null,"59/100",0
4233,"Stray",2020,null,null,"59/100",0
4234,"Open Water 2: Adrift",2006,"18+",null,"59/100",0
4235,"Priceless",2016,"13+",null,"59/100",0
4236,"False Positive",2021,"18+",null,"59/100",0
4237,"The Osiris Child",2016,null,null,"59/100",0
4239,"The Doorman",2020,"18+",null,"59/100",0
4240,"Almost Adults",2016,"16+",null,"59/100",0
4268,"Vita & Virginia",2019,null,null,"58/100",0
4269,"The 10 Year Plan",2014,"13+",null,"58/100",0
4270,"A Kind of Murder",2016,"18+",null,"58/100",0
4271,"Suburban Gothic",2014,"18+",null,"58/100",0
4297,"Above the Shadows",2019,null,null,"57/100",0
4298,"Where Hope Grows",2014,"13+",null,"57/100",0
4300,"Buddy Games",2021,"18+",null,"57/100",0
4302,"XX",2017,"18+",null,"57/100",0
4303,"Rebuilding Paradise",2020,"13+",null,"57/100",0
4304,"Let the Sunshine In",2017,null,null,"57/100",0
4305,"Above and Beyond",2015,null,null,"57/100",0
4308,"Valley Girl",2020,"13+",null,"57/100",0
4309,"The Feels",2017,"18+",null,"57/100",0
4310,"My Little Pony: The Princess Promenade",2006,"all",null,"57/100",0
4311,"Someone Marry Barry",2014,null,null,"57/100",0
4313,"Rogue",2020,"18+",null,"57/100",0
4317,"Damsel",2018,"18+",null,"57/100",0
4318,"I Declare War",2013,"18+",null,"57/100",0
4319,"Shelley",2016,null,null,"56/100",0
4296,"Body Cam",2020,"18+",null,"57/100",0
4224,"Tesla",2020,"13+",null,"59/100",0
4295,"Zoom",2006,"7+",null,"57/100",0
4293,"Non-Fiction",2018,"18+",null,"57/100",0
4272,"The Hornet's Nest",2014,"18+",null,"58/100",0
4273,"Welcome Home Roscoe Jenkins",2008,"13+",null,"58/100",0
4274,"The Other Man",2008,"18+",null,"58/100",0
4275,"The Other Lamb",2020,"18+",null,"58/100",0
4276,"The Houses October Built",2014,null,null,"58/100",0
4277,"Ozzy",2016,"all",null,"58/100",0
4278,"Once Were Brothers: Robbie Robertson and The Band",2020,"18+",null,"58/100",0
4281,"Digging for Fire",2015,"18+",null,"58/100",0
4282,"A Glitch in the Matrix",2021,null,null,"58/100",0
4284,"Good Deeds",2012,"13+",null,"57/100",0
4285,"The Face of Love",2013,"13+",null,"57/100",0
4286,"Stonewall",2015,"18+",null,"57/100",0
4288,"Hello I Must Be Going",2012,"18+",null,"57/100",0
4290,"Racer and the Jailbird",2017,"18+",null,"57/100",0
4291,"Henry Gamble's Birthday Party",2015,"18+",null,"57/100",0
4294,"100 Streets",2016,"18+",null,"57/100",0
3886,"Judy",2019,"13+",null,"71/100",0
4223,"Hannie Caulder",1971,"18+",null,"59/100",0
4220,"The Furies",1950,null,null,"59/100",0
4138,"Cowboys",2020,null,null,"62/100",0
4139,"Tragedy Girls",2017,"18+",null,"62/100",0
4140,"The Man Who Killed Hitler and Then the Bigfoot",2019,"18+",null,"62/100",0
4141,"Vox Lux",2018,"18+",null,"62/100",0
4143,"The Binge",2020,"18+",null,"62/100",0
4145,"MLK/FBI",2021,"7+",null,"62/100",0
4137,"Daphne",2017,"18+",null,"62/100",0
4147,"Support the Girls",2018,"18+",null,"62/100",0
4149,"Blue Chips",1994,"13+",null,"62/100",0
4150,"Middle School: The Worst Years of My Life",2016,"7+",null,"62/100",0
4151,"In the Cut",2003,"18+",null,"62/100",0
4156,"The Courier",2019,"18+",null,"61/100",0
4157,"The Festival",2018,"18+",null,"61/100",0
4159,"68 Kill",2018,"18+",null,"61/100",0
4148,"Proxima",2019,null,null,"62/100",0
4135,"2067",2020,"16+",null,"62/100",0
4134,"The Beach Bum",2019,"18+",null,"62/100",0
4132,"The Kid",2019,"18+",null,"62/100",0
4109,"High Strung",2016,"all",null,"63/100",0
4110,"Tooth Fairy",2010,"7+",null,"63/100",0
4111,"Chappaquiddick",2018,"13+",null,"63/100",0
4112,"Angel of Mine",2019,"18+",null,"63/100",0
4115,"4th Man Out",2015,null,null,"63/100",0
4117,"Band Aid",2017,"18+",null,"63/100",0
4119,"It's a Disaster",2013,"18+",null,"63/100",0
4121,"I Am Greta",2020,"16+",null,"63/100",0
4122,"Dealt",2017,null,null,"63/100",0
4123,"The Unknown Girl",2016,null,null,"63/100",0
4126,"The Painter and the Thief",2020,null,null,"62/100",0
4127,"The Keeping Room",2014,"18+",null,"62/100",0
4128,"Buffaloed",2020,null,null,"62/100",0
4129,"Flower",2017,"18+",null,"62/100",0
4131,"Miss Stevens",2016,null,null,"62/100",0
4160,"Factotum",2005,"18+",null,"61/100",0
4162,"And So It Goes",2014,"13+",null,"61/100",0
4164,"Batman & Bill",2017,"16+",null,"61/100",0
4165,"The Tax Collector",2020,"18+",null,"61/100",0
4198,"The Haunting in Connecticut 2: Ghosts of Georgia",2013,"18+",null,"60/100",0
4199,"Books of Blood",2020,"18+",null,"60/100",0
4200,"The Secret Garden",2020,"7+",null,"60/100",0
4202,"Waiting for the Barbarians",2019,"16+",null,"60/100",0
4203,"Caveman",1981,"7+",null,"60/100",0
4204,"Teen Spirit",2019,"13+",null,"60/100",0
4205,"Ordinary Love",2019,"18+",null,"60/100",0
4206,"Dog Days",2018,"7+",null,"60/100",0
4208,"A Boy Named Charlie Brown",1969,"all",null,"60/100",0
4209,"Too Funny to Fail: The Life & Death of The Dana Carvey Show",2017,"18+",null,"60/100",0
4210,"Already Tomorrow in Hong Kong",2016,null,null,"60/100",0
4214,"Dark Was the Night",2014,null,null,"60/100",0
4215,"Primal",2019,"18+",null,"60/100",0
4218,"Grand Isle",2019,"18+",null,"59/100",0
4219,"The Donut King",2020,null,null,"59/100",0
4196,"Clemency",2019,"18+",null,"60/100",0
4221,"Little Woods",2019,"18+",null,"59/100",0
4195,"Flesh and Blood",2017,null,null,"60/100",0
4193,"Last Days Here",2011,null,null,"60/100",0
4169,"Spree",2020,null,null,"61/100",0
4170,"Dear Comrades!",2020,null,null,"61/100",0
4171,"WeWork: or The Making and Breaking of a $47 Billion Unicorn",2021,"13+",null,"61/100",0
4172,"Princess Cyd",2017,null,null,"61/100",0
4173,"Ode to Joy",2019,"18+",null,"61/100",0
4175,"Those People",2015,null,null,"61/100",0
4176,"Girls Just Want to Have Fun",1985,"7+",null,"61/100",0
4179,"The Cave",2019,"13+",null,"61/100",0
4180,"Time Freak",2018,"13+",null,"61/100",0
4182,"Wild Mountain Thyme",2020,"13+",null,"61/100",0
4183,"Save Yourselves!",2020,"18+",null,"61/100",0
4185,"12 Hour Shift",2020,null,null,"60/100",0
4187,"The Hunchback of Notre Dame",1923,null,null,"60/100",0
4190,"Elena Undone",2010,"18+",null,"60/100",0
4194,"Back in Time",2015,null,null,"60/100",0
3885,"Cliffhanger",1993,"18+",null,"71/100",0
3883,"Bloody Sunday",2002,"18+",null,"71/100",0
3882,"Saint Maud",2019,"18+",null,"71/100",0
4321,"Superpower Dogs",2019,"all",null,"56/100",0
3798,"Boss Level",2021,"18+",null,"75/100",0
3799,"We Were Soldiers",2002,"18+",null,"75/100",0
3800,"The Expendables",2010,"18+",null,"75/100",0
3801,"The Wailing",2016,"18+",null,"75/100",0
3805,"Burning",2018,null,null,"75/100",0
3807,"Papillon",2017,"18+",null,"75/100",0
3797,"The A-Team",2010,"13+",null,"75/100",0
3808,"Star Trek IV: The Voyage Home",1986,"7+",null,"74/100",0
3811,"Dumb: The Story of Big Brother Magazine",2017,"18+",null,"74/100",0
3814,"The Mole Agent",2020,null,null,"74/100",0
3815,"Knowing",2009,"13+",null,"74/100",0
3817,"Hansel & Gretel: Witch Hunters",2013,"18+",null,"74/100",0
3818,"Machete",2010,"18+",null,"74/100",0
3819,"Lights Out",2016,"13+",null,"74/100",0
3809,"Run",2020,"13+",null,"74/100",0
3796,"The Polar Express",2004,"all",null,"75/100",0
3795,"Heathers",1989,"18+",null,"75/100",0
3794,"The Way Back",2010,"13+",null,"75/100",0
3770,"The Adventures of Tintin",2011,"7+",null,"77/100",0
3773,"Revolutionary Road",2008,"18+",null,"77/100",0
3775,"The Conversation",1974,"7+",null,"77/100",0
3776,"The Host",2006,"18+",null,"76/100",0
3778,"Melancholia",2011,"18+",null,"76/100",0
3780,"Hostiles",2017,"18+",null,"76/100",0
3781,"Shoplifters",2018,"18+",null,"76/100",0
3782,"Leave No Trace",2018,"7+",null,"76/100",0
3784,"Underworld: Evolution",2006,"18+",null,"76/100",0
3786,"Terminator: Dark Fate",2019,"18+",null,"76/100",0
3787,"Harold & Kumar Go to White Castle",2004,"18+",null,"76/100",0
3788,"Across the Universe",2007,"13+",null,"76/100",0
3790,"Bombshell",2019,"18+",null,"76/100",0
3791,"The Act of Killing",2012,null,null,"76/100",0
3792,"Hotel Mumbai",2019,"18+",null,"75/100",0
3821,"Resident Evil: Apocalypse",2004,"18+",null,"74/100",0
3822,"13 Assassins",2010,"18+",null,"74/100",0
3827,"The Dictator",2012,"18+",null,"73/100",0
3828,"Sorry to Bother You",2018,"18+",null,"73/100",0
3855,"Date Night",2010,"13+",null,"72/100",0
3858,"The Mountain Between Us",2017,"13+",null,"72/100",0
3861,"Breach",2007,"13+",null,"72/100",0
3862,"Footloose",1984,"7+",null,"72/100",0
3865,"Graduation",2016,"18+",null,"72/100",0
3868,"The Expendables 3",2014,"13+",null,"71/100",0
3870,"Thelma",2017,null,null,"71/100",0
3871,"Star Trek: Generations",1994,"7+",null,"71/100",0
3872,"Love & Mercy",2015,"13+",null,"71/100",0
3873,"I Love You Phillip Morris",2009,"18+",null,"71/100",0
3876,"The Nightingale",2018,"18+",null,"71/100",0
3878,"Harold & Kumar Escape from Guantanamo Bay",2008,"18+",null,"71/100",0
3879,"'71",2014,"18+",null,"71/100",0
3880,"If Beale Street Could Talk",2018,"18+",null,"71/100",0
3854,"You're Next",2011,"18+",null,"72/100",0
3769,"Star Trek II: The Wrath of Khan",1982,"7+",null,"77/100",0
3853,"The One I Love",2014,"18+",null,"72/100",0
3851,"The Sisters Brothers",2018,"18+",null,"72/100",0
3829,"Star Trek VI: The Undiscovered Country",1991,"7+",null,"73/100",0
3831,"The House That Jack Built",2018,"18+",null,"73/100",0
3832,"The Natural",1984,"7+",null,"73/100",0
3833,"The Guilty",2018,"18+",null,"73/100",0
3835,"Alive",1993,"18+",null,"73/100",0
3837,"Storks",2016,"7+",null,"73/100",0
3838,"Robot & Frank",2012,"13+",null,"73/100",0
3839,"God's Own Country",2017,null,null,"73/100",0
3841,"Gemini Man",2019,"13+",null,"73/100",0
3844,"Chaplin",1992,"13+",null,"73/100",0
3845,"Seabiscuit",2003,"13+",null,"72/100",0
3846,"Something's Gotta Give",2003,"13+",null,"72/100",0
3847,"Crawl",2019,"18+",null,"72/100",0
3848,"American Animals",2018,"18+",null,"72/100",0
3850,"Bill & Ted Face the Music",2020,"7+",null,"72/100",0
3852,"Waiting...",2005,"18+",null,"72/100",0
3768,"Logan Lucky",2017,"13+",null,"77/100",0
3766,"Crime + Punishment",2018,null,null,"77/100",0
3697,"Minding the Gap",2018,"18+",null,"90/100",0
3698,"Parasite",2019,"18+",null,"88/100",0
3700,"Gone Girl",2014,"18+",null,"87/100",0
3703,"Arrival",2016,"13+",null,"86/100",0
3704,"Prisoners",2013,"16+",null,"86/100",0
3705,"Bohemian Rhapsody",2018,"13+",null,"85/100",0
3706,"Shrek",2001,"7+",null,"85/100",0
3707,"12 Years a Slave",2013,"18+",null,"85/100",0
3708,"Slumdog Millionaire",2008,"18+",null,"85/100",0
3701,"Catch Me If You Can",2002,"13+",null,"87/100",0
3709,"Skyfall",2012,"13+",null,"84/100",0
3711,"The Girl with the Dragon Tattoo",2011,"18+",null,"84/100",0
3712,"Big Fish",2003,"13+",null,"84/100",0
3713,"Happiest Season",2020,"13+",null,"83/100",0
3743,"Flight",2012,"18+",null,"79/100",0
3746,"Collective",2020,null,null,"79/100",0
3747,"Rocketman",2019,"18+",null,"79/100",0
3748,"Sweeney Todd: The Demon Barber of Fleet Street",2007,"18+",null,"79/100",0
3863,"Bound",1996,"18+",null,"72/100",0
3749,"Coherence",2013,"7+",null,"79/100",0
3754,"Becoming Bond",2017,"18+",null,"78/100",0
3756,"Dredd",2012,"18+",null,"78/100",0
3757,"28 Weeks Later",2007,"18+",null,"78/100",0
3758,"Booksmart",2019,"18+",null,"78/100",0
3759,"We Need to Talk About Kevin",2011,"18+",null,"78/100",0
3761,"The Peanut Butter Falcon",2019,"13+",null,"78/100",0
3762,"Silence",2016,"18+",null,"77/100",0
3763,"Take Shelter",2011,"18+",null,"77/100",0
3764,"Cashback",2006,"18+",null,"77/100",0
3765,"The Age of Adaline",2015,"13+",null,"77/100",0
3740,"The Secret Life of Walter Mitty",2013,"7+",null,"80/100",0
3767,"The Judge",2014,"18+",null,"77/100",0
3739,"Portrait of a Lady on Fire",2019,"18+",null,"80/100",0
3737,"Jack Reacher",2012,"13+",null,"80/100",0
3716,"28 Days Later",2002,"18+",null,"83/100",0
3717,"Once Upon a Time in the West",1968,"13+",null,"83/100",0
3719,"Big Time Adolescence",2020,"18+",null,"83/100",0
3720,"Ice Age",2002,"7+",null,"82/100",0
3721,"The Shape of Water",2017,"18+",null,"82/100",0
3723,"50/50",2011,"18+",null,"82/100",0
3724,"Memories of Murder",2003,"all",null,"81/100",0
3726,"Train to Busan",2016,"16+",null,"81/100",0
3728,"127 Hours",2010,"18+",null,"81/100",0
3729,"Mission: Impossible - Ghost Protocol",2011,"13+",null,"81/100",0
3731,"Shrek 2",2004,"7+",null,"81/100",0
3732,"Let the Right One In",2008,"18+",null,"81/100",0
3733,"Hell or High Water",2016,"18+",null,"81/100",0
3734,"The Nice Guys",2016,"18+",null,"81/100",0
3736,"Star Trek Beyond",2016,"13+",null,"80/100",0
3738,"Another Round",2020,"18+",null,"80/100",0
4322,"Diane",2019,null,null,"56/100",0
4327,"Ben 10: Secret of the Omnitrix",2007,"7+",null,"56/100",0
4328,"Judy & Punch",2019,null,null,"56/100",0
4464,"Gayby",2012,null,null,"52/100",0
4465,"Toni Morrison: The Pieces I Am",2019,"13+",null,"52/100",0
4466,"Backtrace",2018,"18+",null,"52/100",0
4470,"Behind You",2020,"18+",null,"52/100",0
4471,"Cruise",2018,"18+",null,"52/100",0
4473,"The Resort",2021,null,null,"52/100",0
4463,"Beneath the Darkness",2012,"18+",null,"52/100",0
4475,"Trespassers",2019,null,null,"51/100",0
4477,"Dr. Bird's Advice for Sad Poets",2021,"18+",null,"51/100",0
4479,"Pokémon the Movie: Diancie and the Cocoon of Destruction",2014,"7+",null,"51/100",0
4480,"In Search of Greatness",2018,"13+",null,"51/100",0
4481,"Wrinkles the Clown",2019,null,null,"51/100",0
4483,"Bad Roomies",2015,null,null,"51/100",0
4484,"Pooka Lives!",2020,"18+",null,"51/100",0
4476,"Frank Serpico",2017,null,null,"51/100",0
4461,"A Crooked Somebody",2018,"18+",null,"52/100",0
4460,"The Hug",2018,"13+",null,"52/100",0
4456,"The Obituary of Tunde Johnson",2019,null,null,"52/100",0
4434,"Mapplethorpe",2018,null,null,"53/100",0
4435,"Dragonheart: Battle for the Heartfire",2017,"13+",null,"53/100",0
4436,"35 and Ticking",2011,"18+",null,"53/100",0
4437,"Billie",2020,null,null,"53/100",0
4438,"69: The Saga of Danny Hernandez",2021,"18+",null,"53/100",0
4439,"I Trapped the Devil",2019,null,null,"53/100",0
4441,"Anchor and Hope",2017,null,null,"53/100",0
4443,"It Had to Be You",2016,"18+",null,"53/100",0
4445,"Ron White: A Little Unprofessional",2012,null,null,"53/100",0
4449,"Infamous",2020,null,null,"52/100",0
4451,"Hellions",2015,null,null,"52/100",0
4452,"Farewell Amor",2020,null,null,"52/100",0
4453,"The Evil in Us",2016,null,null,"52/100",0
4454,"This Mountain Life",2018,"7+",null,"52/100",0
4455,"Good Boy",2020,null,null,"52/100",0
4486,"Phobias",2021,"18+",null,"51/100",0
4487,"Uncanny Annie",2019,null,null,"51/100",0
4488,"Feral",2018,null,null,"51/100",0
4490,"The Brink",2019,"18+",null,"51/100",0
4520,"The Sunlit Night",2020,null,null,"50/100",0
4521,"Knives and Skin",2019,null,null,"50/100",0
4522,"Curious George: A Very Monkey Christmas",2009,"all",null,"50/100",0
4524,"Shared Rooms",2016,null,null,"50/100",0
4526,"Bayou Caviar",2018,"18+",null,"49/100",0
4529,"10.0 Earthquake",2014,"7+",null,"49/100",0
4530,"Tyrel",2018,null,null,"49/100",0
4531,"Madonna and the Breakfast Club",2019,null,null,"49/100",0
4532,"Lost in Hong Kong",2015,null,null,"49/100",0
4533,"All About E",2015,null,null,"49/100",0
4536,"The Current Occupant",2020,null,null,"49/100",0
4537,"Bad Therapy",2020,null,null,"49/100",0
4538,"Ramen Heads",2017,null,null,"49/100",0
4541,"Cherry Pop",2017,null,null,"49/100",0
4542,"Savage State",2020,null,null,"49/100",0
4518,"Attack of the 50 Foot Cheerleader",2012,"18+",null,"50/100",0
4433,"I Met a Girl",2020,null,null,"53/100",0
4517,"Good Kisser",2019,null,null,"50/100",0
4515,"Divide and Conquer: The Story of Roger Ailes",2018,null,null,"50/100",0
4491,"Stars Fell on Alabama",2021,"13+",null,"51/100",0
4493,"Ms. Purple",2019,null,null,"51/100",0
4495,"Red Dog",2019,"18+",null,"51/100",0
4498,"Citizen Soldier",2016,"18+",null,"51/100",0
4499,"Don't Go",2018,null,null,"51/100",0
4501,"Crawlers",2020,null,null,"51/100",0
4502,"Soldiers of Fortune",2012,"18+",null,"50/100",0
4503,"Body at Brighton Rock",2019,"18+",null,"50/100",0
4504,"The Alchemist Cookbook",2016,"18+",null,"50/100",0
4506,"Ballet Now",2018,null,null,"50/100",0
4507,"Euphoria",2018,"18+",null,"50/100",0
4508,"Tru Love",2013,null,null,"50/100",0
4510,"Joyride",1997,"18+",null,"50/100",0
4511,"A Christmas Movie Christmas",2019,"all",null,"50/100",0
4513,"The Flood",2019,null,null,"50/100",0
4516,"The Rape of Recy Taylor",2019,null,null,"50/100",0
4543,"Shangri-La Suite",2016,"16+",null,"49/100",0
4431,"The Big Ugly",2020,"18+",null,"53/100",0
4428,"The Boy Downstairs",2018,"13+",null,"53/100",0
4355,"Breaking Fast",2020,null,null,"55/100",0
4357,"Amira & Sam",2014,null,null,"55/100",0
4358,"Amulet",2020,"18+",null,"55/100",0
4361,"Liz in September",2014,null,null,"55/100",0
4364,"Donnybrook",2019,"18+",null,"55/100",0
4365,"The Devil's Doorway",2018,null,null,"55/100",0
4354,"Robert the Bruce",2019,null,null,"55/100",0
4366,"An Acceptable Loss",2019,"18+",null,"55/100",0
4368,"Notturno",2020,"18+",null,"55/100",0
4369,"Pokémon the Movie: Hoopa and the Clash of Ages",2015,"7+",null,"55/100",0
4371,"Fun in Acapulco",1963,"7+",null,"55/100",0
4372,"Pledge",2019,null,null,"55/100",0
4373,"Exit Plan",2019,null,null,"55/100",0
4374,"Sheep & Wolves",2016,"all",null,"55/100",0
4367,"Take Every Wave: The Life of Laird Hamilton",2018,"7+",null,"55/100",0
4353,"Gemini",2017,"18+",null,"55/100",0
4350,"Dark Web: Cicada 3301",2021,"18+",null,"56/100",0
4349,"Just Charlie",2017,null,null,"56/100",0
4329,"Frankenstein and the Monster from Hell",1974,"18+",null,"56/100",0
4331,"Digging Up the Marrow",2015,null,null,"56/100",0
4333,"Knuckleball!",2012,null,null,"56/100",0
4334,"Sordid Lives",2000,"18+",null,"56/100",0
4335,"Monsters and Men",2018,"18+",null,"56/100",0
4336,"Sea of Shadows",2019,"13+",null,"56/100",0
4337,"Bad Reputation",2018,"18+",null,"56/100",0
4338,"Carnage Park",2016,null,null,"56/100",0
4339,"Sex Ed",2014,null,null,"56/100",0
4340,"Skin: A History of Nudity in the Movies",2020,null,null,"56/100",0
4341,"Getaway",2013,"13+",null,"56/100",0
4342,"A Nice Girl Like You",2020,"18+",null,"56/100",0
4343,"Vault",2019,"18+",null,"56/100",0
4344,"Obey Giant",2017,null,null,"56/100",0
4346,"Nina",2016,null,null,"56/100",0
4375,"Centigrade",2020,null,null,"55/100",0
4376,"A Nasty Piece of Work",2019,null,null,"55/100",0
4377,"Legion of Brothers",2017,"16+",null,"55/100",0
4381,"Wounds",2019,"18+",null,"55/100",0
4408,"AWOL",2017,null,null,"54/100",0
4409,"The Night Watchmen",2017,"18+",null,"54/100",0
4410,"Cabin Fever: Patient Zero",2014,null,null,"54/100",0
4412,"Pit Stop",2013,null,null,"54/100",0
4413,"Meeting Gorbachev",2019,null,null,"54/100",0
4414,"We Die Young",2019,"18+",null,"54/100",0
4415,"Killers Anonymous",2019,"18+",null,"54/100",0
4416,"Ask Dr. Ruth",2019,null,null,"54/100",0
4417,"Intersect",2020,"18+",null,"53/100",0
4418,"Depraved",2019,null,null,"53/100",0
4420,"Mary",2019,"18+",null,"53/100",0
4421,"Trick",2019,null,null,"53/100",0
4424,"Passage to Mars",2016,null,null,"53/100",0
4426,"Lucky Day",2019,"18+",null,"53/100",0
4427,"Radioflash",2019,null,null,"53/100",0
4407,"Rabid Dogs",2015,null,null,"54/100",0
4429,"Disappearance at Clifton Hill",2020,null,null,"53/100",0
4406,"Chasing Trane",2017,null,null,"54/100",0
4403,"Into the Ashes",2019,null,null,"54/100",0
4382,"Hooking Up",2020,"18+",null,"55/100",0
4383,"Wolves",2016,"18+",null,"55/100",0
4384,"""Nico, 1988""",2017,"18+",null,"55/100",0
4385,"Star Kid",1997,"7+",null,"55/100",0
4386,"Follow Me",2020,"18+",null,"55/100",0
4387,"American Gun",2005,"18+",null,"55/100",0
4388,"The Tomorrow Man",2019,"13+",null,"54/100",0
4389,"Almost Human",2013,null,null,"54/100",0
4390,"Premature",2020,null,null,"54/100",0
4392,"Let's Be Evil",2016,null,null,"54/100",0
4394,"Big Men",2014,null,null,"54/100",0
4396,"Black and White",1999,"18+",null,"54/100",0
4397,"Journey to the South Pacific",2013,"all",null,"54/100",0
4398,"The Dinner",2017,"18+",null,"54/100",0
4402,"Eating Animals",2018,null,null,"54/100",0
4405,"Just Eat It: A Food Waste Story",2014,null,null,"54/100",0
4545,"Hillbilly",2018,null,null,"49/100",0
4547,"Christmas on Holly Lane",2018,"7+",null,"48/100",0
4689,"Miss Snake Charmer",2018,null,null,"38/100",0
4691,"Treehouse",2014,"18+",null,"38/100",0
4692,"24 Hour Love",2013,"18+",null,"37/100",0
4693,"""New Year, New You""",2017,null,null,"37/100",0
4696,"The Clintons: An American Odyssey",2012,null,null,"35/100",0
4697,"Oddbods: Party Monsters",2018,null,null,"33/100",0
4688,"Life Without Basketball",2018,"7+",null,"38/100",0
4699,"Michael Smerconish: Things I Wish I Knew Before I Started Talking",2020,null,null,"20/100",0
4703,"Comrades & Cash: How Money Found Its Way Through the Iron Curtain",2014,null,null,"12/100",0
4687,"Constructing Albert",2017,null,null,"38/100",0
4686,"The Assault",2017,"18+",null,"38/100",0
4685,"A Christmas Hero",2020,null,null,"39/100",0
4664,"Bernie the Dolphin 2",2019,"all",null,"42/100",0
4666,"GameStopped",2021,null,null,"41/100",0
4670,"Hunt for the Skinwalker",2018,null,null,"41/100",0
4671,"The Secret of Life on Earth",1993,"all",null,"41/100",0
4672,"Curious George: Royal Monkey",2019,"all",null,"41/100",0
4673,"Catching Faith",2015,null,null,"41/100",0
4675,"Drag Kids",2019,null,null,"41/100",0
4676,"I Am Alone",2015,null,null,"40/100",0
4677,"After Parkland",2019,null,null,"40/100",0
4678,"Boomtown",2017,null,null,"40/100",0
4679,"Carrion",2020,null,null,"39/100",0
4680,"Robo-Dog",2015,null,null,"39/100",0
4682,"Where We Go from Here",2019,null,null,"39/100",0
4683,"This One's for the Ladies",2018,"18+",null,"39/100",0
4684,"Zoo-Head",2019,null,null,"39/100",0
4663,"Naughty Books",2020,null,null,"42/100",0
4546,"Pony Express",1953,null,null,"48/100",0
4661,"Deep in Vogue",2019,"18+",null,"42/100",0
4659,"Christmas Crush",2019,null,null,"42/100",0
4580,"Dreamcatcher",2021,null,null,"47/100",0
4581,"Monogamy",2010,null,null,"47/100",0
4583,"DriverX",2018,null,null,"47/100",0
4584,"The Complex: Lockdown",2020,null,null,"47/100",0
4585,"The Standard",2020,null,null,"47/100",0
4589,"Delivered",2020,null,null,"46/100",0
4578,"Naz & Maalik",2015,null,null,"47/100",0
4590,"Into the Deep",1994,"all",null,"46/100",0
4592,"The Legend of Baron To'a",2020,"18+",null,"46/100",0
4595,"A Man Alone",1955,null,null,"46/100",0
4596,"Baby Steps",2015,"18+",null,"46/100",0
4597,"Awoken",2020,null,null,"46/100",0
4598,"General Commander",2019,"18+",null,"46/100",0
4599,"The Warrior Queen of Jhansi",2019,"18+",null,"46/100",0
4591,"Rattlesnakes",2019,null,null,"46/100",0
4576,"Her Name Is Chef",2021,null,null,"47/100",0
4575,"Christmas Perfection",2018,"7+",null,"47/100",0
4574,"Across the Line",2016,null,null,"47/100",0
4548,"Anacondas: Trail of Blood",2009,"18+",null,"48/100",0
4549,"Slay the Dragon",2019,"13+",null,"48/100",0
4550,"After Darkness",2019,"18+",null,"48/100",0
4554,"The Dustwalker",2020,null,null,"48/100",0
4557,"Dirt Music",2019,"13+",null,"48/100",0
4559,"Another Time",2018,"18+",null,"48/100",0
4560,"Racetime",2018,"7+",null,"48/100",0
4563,"Get Big",2017,null,null,"48/100",0
4565,"Alive and Kicking",2017,null,null,"48/100",0
4566,"Harvie and the Magic Museum",2017,null,null,"47/100",0
4568,"Alpha and Omega: The Legend of the Saw Tooth Cave",2014,"7+",null,"47/100",0
4570,"The Cookout",2004,"13+",null,"47/100",0
4571,"The State of Texas vs. Melissa",2020,null,null,"47/100",0
4573,"Swimming for Gold",2020,null,null,"47/100",0
4601,"Autonomy",2019,"7+",null,"46/100",0
4602,"The Quiet One",2019,null,null,"46/100",0
4603,"The Box",2018,null,null,"46/100",0
4604,"Modern Persuasion",2020,null,null,"46/100",0
4638,"Meet Me in Montenegro",2015,null,null,"44/100",0
4639,"Danger Close",2017,"16+",null,"44/100",0
4642,"My Little Pony: A Very Minty Christmas",2005,"all",null,"43/100",0
4643,"D.L. Hughley: Reset",2012,"18+",null,"43/100",0
4644,"Braking for Whales",2019,null,null,"43/100",0
4645,"Endless",2020,null,null,"43/100",0
4646,"12 Pups of Christmas",2019,"7+",null,"43/100",0
4649,"Paws P.I.",2018,"7+",null,"43/100",0
4651,"Vic the Viking and the Magic Sword",2019,null,null,"43/100",0
4652,"Boonie Bears: The Big Shrink",2018,"7+",null,"43/100",0
4654,"Destiny in Space",1994,null,null,"43/100",0
4655,"Next Level",2019,null,null,"43/100",0
4656,"My Little Pony: Twinkle Wish Adventure",2009,"all",null,"43/100",0
4657,"5 Years Apart",2019,null,null,"43/100",0
4658,"Cannabis Evolution",2019,null,null,"42/100",0
4637,"Daffodils",2019,null,null,"44/100",0
4660,"Sister Aimee",2019,null,null,"42/100",0
4636,"Breakup at a Wedding",2013,"13+",null,"44/100",0
4634,"How to Fake a War",2020,null,null,"44/100",0
4605,"Chef Flynn",2018,null,null,"45/100",0
4606,"Ip Man: Kung Fu Master",2019,null,null,"45/100",0
4607,"Unbanned: The Legend of AJ1",2018,null,null,"45/100",0
4608,"Hail Columbia!",1982,null,null,"45/100",0
4609,"2099: The Soldier Protocol",2019,null,null,"45/100",0
4610,"Cunningham",2019,"7+",null,"45/100",0
4611,"My Valentine",2020,"13+",null,"45/100",0
4612,"Wetlands",2017,"18+",null,"45/100",0
4615,"In the Radiant City",2016,null,null,"45/100",0
4620,"Changing the Game",2019,null,null,"44/100",0
4621,"Avenues",2019,null,null,"44/100",0
4622,"Who Let the Dogs Out",2019,"13+",null,"44/100",0
4631,"The Archer",2017,null,null,"44/100",0
4632,"Midnight Kiss",2019,null,null,"44/100",0
4633,"Savage Youth",2018,null,null,"44/100",0
4635,"Safer at Home",2021,"18+",null,"44/100",0
2123,"Sabrina",2018,null,null,"51/100",0
2002,"Mosquita y Mari",2012,null,null,"52/100",0
2260,"Born to Play",2020,null,null,"49/100",0
2703,"A Fairly Odd Summer",2014,"all",null,"45/100",0
3308,"Still",2010,"18+",null,"39/100",0
636,"Mystic Pizza",1988,"16+",null,"68/100",0
613,"Step Up Revolution",2012,"13+",null,"68/100",0
667,"The Outsider",2018,null,null,"67/100",0
489,"The 12th Man",2017,null,null,"71/100",0
544,"The Clovehitch Killer",2018,"13+",null,"70/100",0
726,"Girl",2018,"18+",null,"66/100",0
779,"Christine",2016,"18+",null,"65/100",0
822,"The Stepfather",2009,"13+",null,"65/100",0
474,"Resident Evil: Afterlife",2010,"18+",null,"71/100",0
168,"Hunt for the Wilderpeople",2016,"13+",null,"80/100",0
171,"The Artist",2011,"13+",null,"79/100",0
185,"Underworld",2003,"18+",null,"79/100",0
200,"The Da Vinci Code",2006,"13+",null,"78/100",0
108,"Hey Arnold! The Jungle Movie",2017,"7+",null,"83/100",0
81,"The Social Network",2010,"13+",null,"84/100",0
390,"I Am Not Your Negro",2017,"18+",null,"73/100",0
373,"Resident Evil: Extinction",2007,"18+",null,"73/100",0
249,"Angels & Demons",2009,"13+",null,"76/100",0
328,"Zack and Miri Make a Porno",2008,"18+",null,"74/100",0
318,"2012",2009,"13+",null,"75/100",0
319,"Underworld: Awakening",2012,"18+",null,"74/100",0
1618,"Ordinary People",2016,"18+",null,"56/100",0
1675,"MOTHER",2020,null,null,"55/100",0
1466,"The Girl King",2015,null,null,"57/100",0
1768,"Big Time Movie",2012,"all",null,"54/100",0
1831,"A Second Chance",2015,null,null,"54/100",0
1122,"Maximum Risk",1996,"18+",null,"61/100",0
974,"Freak Show",2018,null,null,"63/100",0
990,"Little Monsters",1989,"7+",null,"63/100",0
1331,"Zapped",2014,"all",null,"59/100",0
1327,"A Perfect Ending",2012,null,null,"59/100",0
1315,"Framing John DeLorean",2019,null,null,"59/100",0
1175,"Black Ink Crew New York",2013,"16+","4.6/10","49/100",1
1170,"Killer Women with Piers Morgan",2016,null,"6.5/10","49/100",1
1182,"Unstoppable",2020,"18+","7.3/10","49/100",1
1203,"Pocoyo",2005,"all","7.4/10","48/100",1
1189,"Molang",2015,"all","8.6/10","49/100",1
1108,"Moesha",1996,"7+","5.8/10","50/100",1
1106,"Rabbids Invasion",2013,"7+","5.0/10","50/100",1
1143,"The Chase",2013,"all","7.4/10","50/100",1
1132,"Supermarket Sweep",1990,"all","7.5/10","50/100",1
1251,"Baewatch: Parental Guidance",2019,null,null,"47/100",1
1007,"TIGER & BUNNY",2011,"16+","7.4/10","52/100",1
1005,"Sword Art Online Alternative: Gun Gale Online",2018,"16+","6.9/10","52/100",1
1037,"Girls und Panzer",2012,"16+","7.4/10","52/100",1
1584,"Tayo the Little Bus",2010,null,"5.6/10","40/100",1
1615,"Pororo the Little Penguin",2003,"all","6.0/10","40/100",1
1606,"White Nights",2016,null,"7.0/10","40/100",1
1400,"Inside the Criminal Mind",2018,"18+","5.5/10","45/100",1
1514,"""Rica, Famosa, Latina""",2014,null,"5.7/10","42/100",1
270,"Sword Art Online",2012,"18+","7.6/10","71/100",1
317,"The Gift",2019,"18+","7.2/10","69/100",1
315,"Rake",2010,"16+","8.5/10","69/100",1
304,"InuYasha",2000,"16+","7.9/10","69/100",1
295,"Forensic Files",1996,"16+","8.8/10","70/100",1
259,"Chicago Med",2015,"16+","7.6/10","71/100",1
223,"Safe",2018,"18+","7.3/10","73/100",1
216,"Bleach",2004,"18+","8.1/10","73/100",1
249,"Survivor",2000,"7+","7.2/10","72/100",1
237,"Your Lie in April",2014,"7+","8.6/10","72/100",1
235,"JoJo's Bizarre Adventure",2012,"18+","8.4/10","72/100",1
321,"Dawson's Creek",1998,"7+","6.6/10","69/100",1
393,"Ouran High School Host Club",2006,"16+","8.2/10","66/100",1
391,"Dear White People",2017,"18+","6.2/10","66/100",1
386,"We Bare Bears",2015,"7+","7.9/10","67/100",1
427,"Forged in Fire",2015,"7+","8.4/10","65/100",1
419,"Black Butler",2008,"18+","7.8/10","65/100",1
373,"The Challenge",1998,"16+","7.7/10","67/100",1
339,"Akame ga Kill!",2014,"18+","7.8/10","68/100",1
333,"Leah Remini: Scientology and the Aftermath",2016,"16+","9.0/10","68/100",1
322,"Private Practice",2007,"16+","6.7/10","69/100",1
332,"My Little Pony: Friendship Is Magic",2010,"7+","7.6/10","68/100",1
370,"The Unicorn",2019,"7+","7.2/10","67/100",1
358,"Ancient Aliens",2010,"7+","7.2/10","67/100",1
73,"One-Punch Man",2015,"7+","8.8/10","83/100",1
70,"How to Get Away with Murder",2014,"16+","8.1/10","83/100",1
67,"Death Note",2006,"16+","9.0/10","84/100",1
66,"Good Girls",2018,"16+","7.8/10","84/100",1
55,"One Piece",1999,"7+","8.8/10","85/100",1
99,"Riverdale",2017,"16+","6.8/10","81/100",1
95,"Manifest",2018,"16+","7.2/10","81/100",1
93,"Naruto",2002,"7+","8.3/10","81/100",1
91,"Kingdom",2019,"18+","8.4/10","82/100",1
87,"Hunter x Hunter",2011,"16+","9.0/10","82/100",1
85,"Star Trek",1966,"7+","8.3/10","82/100",1
12,"Community",2009,"7+","8.5/10","90/100",1
3,"Attack on Titan",2013,"18+","9.0/10","95/100",1
26,"Fullmetal Alchemist: Brotherhood",2009,"16+","9.1/10","88/100",1
41,"Star Trek: The Next Generation",1987,"7+","8.6/10","86/100",1
38,"American Horror Story",2011,"18+","8.0/10","86/100",1
36,"Demon Slayer: Kimetsu no Yaiba",2019,"18+","8.7/10","86/100",1
31,"Arrested Development",2003,"16+","8.7/10","87/100",1
30,"Grey's Anatomy",2005,"16+","7.5/10","87/100",1
103,"The Promised Neverland",2019,"18+","8.5/10","81/100",1
177,"Star Trek: Enterprise",2001,"7+","7.5/10","76/100",1
179,"Merlin",2008,"7+","7.9/10","75/100",1
198,"Soul Eater",2008,"16+","7.8/10","74/100",1
123,"Stargate SG-1",1997,"13+","8.4/10","79/100",1
113,"Happy Endings",2011,"16+","7.7/10","80/100",1
105,"Star Trek: Deep Space Nine",1993,"7+","8.0/10","80/100",1
104,"Lost in Space",2018,"7+","7.3/10","80/100",1
148,"Alone",2015,"16+","8.4/10","77/100",1
145,"Haikyu!!",2014,"16+","8.7/10","77/100",1
137,"Star Trek: Voyager",1995,"7+","7.8/10","78/100",1
732,"Sonic X",2003,"16+","6.2/10","57/100",1
760,"Summertime",2020,"18+","5.5/10","57/100",1
754,"America's Book of Secrets",2012,"7+","6.8/10","57/100",1
673,"The Game",2006,"16+","6.7/10","59/100",1
668,"""Sister, Sister""",1994,"7+","6.3/10","59/100",1
656,"Hoarders",2009,"7+","6.4/10","59/100",1
684,"Playing with Fire",2019,"18+","5.9/10","59/100",1
830,"Marlon",2017,"7+","7.1/10","55/100",1
871,"Ultraviolet",2017,"18+","7.0/10","55/100",1
772,"Champions",2018,"16+","6.1/10","57/100",1
509,"Fate/stay night [Unlimited Blade Works]",2014,"18+","8.0/10","63/100",1
506,"Clannad",2007,"7+","7.9/10","63/100",1
491,"Vampire Knight",2008,"16+","7.4/10","63/100",1
513,"Boys Over Flowers",2009,"16+","7.9/10","63/100",1
518,"Big Time Rush",2009,"all","6.4/10","63/100",1
484,"The Curse of Oak Island",2014,"7+","7.0/10","64/100",1
453,"Pawn Stars",2009,"7+","7.2/10","65/100",1
440,"Puella Magi Madoka Magica",2011,"16+","8.3/10","65/100",1
473,"H2O: Just Add Water",2006,"all","7.2/10","64/100",1
465,"Is It Wrong to Try to Pick Up Girls in a Dungeon?",2015,"16+","7.4/10","64/100",1
540,"60 Days In",2016,"16+","7.7/10","62/100",1
614,"Billy on the Street",2011,"16+","7.8/10","60/100",1
602,"America's Next Top Model",2003,"7+","5.5/10","61/100",1
647,"Cold Case Files",1999,"18+","8.1/10","60/100",1
646,"The Bachelorette",2003,"16+","3.4/10","60/100",1
627,"Magi",2012,"16+","7.8/10","60/100",1
563,"Blue Exorcist",2011,"16+","7.4/10","62/100",1
560,"Yu-Gi-Oh!",1998,null,"7.9/10","62/100",1
559,"Durarara!!",2010,"16+","7.9/10","62/100",1
547,"Sailor Moon Crystal",2014,"16+","8.0/10","62/100",1
568,"Unsolved Mysteries",1987,"7+","8.2/10","61/100",1
3146,"Nabari no Ou",2008,"16+","6.5/10","43/100",1
3799,"Sonic the Hedgehog",1993,"7+","6.8/10","63/100",1
3605,"Chuck",2007,"16+","8.2/10","85/100",1
3163,"When Sharks Attack",2013,"16+","6.6/10","42/100",1
3162,"""Underworld, Inc.""",2015,"16+","7.1/10","42/100",1
3159,"Lost Gold of World War II",2019,"7+","6.5/10","42/100",1
3157,"Special Forces",2012,null,"9.0/10","43/100",1
3155,"Hitler's Last Stand",2018,"16+","6.4/10","43/100",1
3154,"Battleground",2012,null,"7.8/10","43/100",1
3153,"The Con",2020,null,"7.3/10","43/100",1
3152,"I Can See Your Voice",2020,"7+","5.7/10","43/100",1
3148,"Littlekenny",2019,null,"6.9/10","43/100",1
3164,"High School USA!",2013,"18+","6.4/10","42/100",1
3147,"Name That Tune",2021,"7+","4.9/10","43/100",1
3143,"Forged in Fire: Beat the Judges",2020,"7+","8.6/10","43/100",1
3141,"Australia's Next Top Model",2005,null,"6.2/10","43/100",1
3139,"Samurai Harem",2009,"18+","6.0/10","43/100",1
3138,"Eater's Guide to the World",2020,null,"6.8/10","43/100",1
3137,"Holly Hobbie",2018,"7+","6.5/10","43/100",1
3136,"El Fantasma de Elena",2010,"16+","7.4/10","43/100",1
3133,"Nina's World",2015,"all","6.0/10","44/100",1
3129,"The Show Must Go On: The Queen + Adam Lambert Story",2019,null,"7.8/10","44/100",1
3127,"Celebrity Wheel of Fortune",2021,"7+","7.3/10","44/100",1
3144,"Spring Baking Championship",2015,"all","6.9/10","43/100",1
3126,"Endlings",2020,"7+","4.8/10","44/100",1
3167,"The Mighty Ones",2020,"7+","7.5/10","42/100",1
3173,"Abandoned",2012,null,null,"42/100",1
3218,"Kings of Pain",2019,"16+","6.7/10","40/100",1
3214,"Game of Talents",2021,null,"4.6/10","40/100",1
3213,"A3!",2020,"16+","6.5/10","40/100",1
3212,"Murder on the Internet",2017,null,"6.7/10","40/100",1
3204,"Good Morning America",1975,"all","4.5/10","41/100",1
3202,"College Hill",2004,null,"5.5/10","41/100",1
3200,"Celebs Go Dating",2016,"18+","5.6/10","41/100",1
3197,"The Toe Bro",2019,"16+","7.9/10","41/100",1
3196,"Swiss Family Robinson",1974,"7+","7.0/10","41/100",1
3171,"Where's Waldo?",2020,"all","7.5/10","42/100",1
3193,"Aquarion",2005,"18+","6.5/10","41/100",1
3191,"Infinite Dendrogram",2020,"16+","5.8/10","41/100",1
3189,"I Am Cait",2015,"16+","3.4/10","42/100",1
3188,"Ancient Top 10",2016,"16+","7.8/10","42/100",1
3187,"WTF Baron Davis",2019,"18+","8.1/10","42/100",1
3185,"Madagascar: A Little Wild",2020,"all","5.7/10","42/100",1
3183,"Runaways",2012,"16+","7.9/10","42/100",1
3181,"Basilisk",2005,"18+","4.8/10","42/100",1
3180,"60 Days In: Narcoland",2019,"16+","5.9/10","42/100",1
3176,"Toddlers & Tiaras",2009,"7+","1.8/10","42/100",1
3192,"Jamie's Quick & Easy Food",2017,"all","8.4/10","41/100",1
3124,"House Hunters Renovation",2012,"all","6.4/10","44/100",1
3123,"WWE Main Event",2012,"7+","6.4/10","44/100",1
3121,"The Millionaire Matchmaker",2008,"7+","4.6/10","44/100",1
3059,"Soul Eater Not!",2014,"16+","5.7/10","46/100",1
3057,"Yu-Gi-Oh! Zexal",2011,"7+","5.0/10","46/100",1
3055,"The Hotwives of Orlando",2014,"16+","7.5/10","46/100",1
3053,"Arte",2020,"16+","7.0/10","46/100",1
3052,"Little Women: Atlanta",2016,"16+","5.2/10","46/100",1
3050,"Ladhood",2019,null,"7.2/10","46/100",1
3048,"The First 48 Presents: Homicide Squad Atlanta",2019,"16+","8.3/10","46/100",1
3046,"No Guns Life",2019,"16+","6.8/10","46/100",1
3044,"Dead Boss",2012,null,"6.5/10","46/100",1
3060,"The Only Way Is Essex",2010,"16+","3.1/10","46/100",1
3039,"Yu-Gi-Oh! Arc-V",2014,"7+","6.3/10","47/100",1
3037,"To Catch a Smuggler",2012,"7+","7.0/10","47/100",1
3032,"Caribbean Life",2014,"all","6.9/10","47/100",1
3030,"Sheriff Callie's Wild West",2013,"all","6.5/10","47/100",1
3028,"Divorce Court",1999,"16+","4.2/10","47/100",1
3027,"The Wall",2016,"7+","5.9/10","47/100",1
3026,"Corpse Princess",2008,"7+","6.9/10","47/100",1
3025,"Love & Hip Hop Hollywood",2014,"16+","5.1/10","47/100",1
3022,"The Kennedys",2015,"7+","7.3/10","47/100",1
3020,"The Other Guy",2017,"18+","6.9/10","47/100",1
3038,"Fugget About It",2012,"18+","6.0/10","47/100",1
3061,"Living With Fran",2005,null,"5.9/10","46/100",1
3063,"Cake",2019,"18+","6.2/10","46/100",1
3064,"Major Lazer",2015,"18+","7.6/10","46/100",1
3115,"Britain's Best Home Cook",2018,null,"7.9/10","44/100",1
3114,"The Boonies",2016,null,"7.3/10","44/100",1
3113,"Jann",2019,null,"7.1/10","44/100",1
3111,"Blippi",2014,"all","7.5/10","45/100",1
3110,"Trolls: TrollsTopia",2020,"7+","7.1/10","45/100",1
3105,"I Love Jenni",2011,"7+","8.3/10","45/100",1
3102,"Stone Quackers",2014,"18+","6.8/10","45/100",1
3101,"Psychic Kids",2008,"16+","6.3/10","45/100",1
3097,"Kaleido Star",2003,"16+","7.8/10","45/100",1
3096,"Buddy Complex",2013,null,"7.3/10","45/100",1
3093,"El Clon",2000,null,"6.8/10","45/100",1
3092,"All Night",2018,"16+","5.9/10","45/100",1
3088,"Kids Behind Bars: Life or Parole",2019,null,"7.2/10","45/100",1
3086,"Rock the Block",2019,"all","6.7/10","45/100",1
3085,"Flea Market Flip",2012,"all","6.7/10","45/100",1
3081,"More Than Friends",2020,null,"6.7/10","45/100",1
3080,"Hip Hop Uncovered",2021,null,"7.4/10","45/100",1
3079,"Bleak House",1985,null,"7.6/10","45/100",1
3074,"Undefeated Bahamut Chronicle",2016,null,"6.5/10","45/100",1
3070,"Rosa Diamante",2012,null,"8.3/10","46/100",1
3068,"Brothers Conflict",2013,"16+","6.1/10","46/100",1
3220,"The Celebrity Dating Game",2021,null,"2.6/10","40/100",1
3224,"Mighty Magiswords",2015,"7+","4.9/10","40/100",1
3225,"The Paynes",2018,null,"4.9/10","40/100",1
3226,"Basketball Wives LA",2011,"7+","4.2/10","40/100",1
3486,"The Champion Within",2017,null,null,"16/100",1
3471,"Tasty 101",2016,null,null,"17/100",1
3470,"Ultimate Survival WWII",2019,null,null,"17/100",1
3465,"Sophie La Girafe",2017,null,null,"18/100",1
3459,"Pasión de Gavilanes",2003,null,null,"18/100",1
3458,"BBQuest",2018,null,null,"18/100",1
3454,"Ryan's World Specials presented by pocket.watch",2019,null,null,"18/100",1
3453,"Superstructures: Engineering Marvels",2019,null,null,"18/100",1
3443,"Rosaline",2016,null,null,"19/100",1
3509,"ESL: Replay",2017,null,null,"14/100",1
3437,"Savage Kingdom",2016,null,null,"21/100",1
3432,"Unusual Suspects: Deadly Intent",2017,null,null,"21/100",1
3427,"Absolutely Ascot",2018,null,null,"22/100",1
3415,"Counting On",2015,null,null,"25/100",1
3404,"Hysterical",2021,null,null,"26/100",1
3398,"NASA 360",2008,"all","7.6/10","28/100",1
3389,"ABC News Specials",2010,null,"4.8/10","29/100",1
3381,"Holiday Magic",2017,null,"7.0/10","30/100",1
3378,"Consumer 101",2018,"all","4.5/10","30/100",1
3374,"La Diosa Coronada",2010,"7+","7.3/10","31/100",1
3433,"Bride and Prejudice: Forbidden Love",2020,null,null,"21/100",1
3513,"""I Draw, You Cook""",2018,null,null,"14/100",1
3518,"Legendary Catch",2019,null,null,"14/100",1
3573,"Hello World",2016,null,null,"10/100",1
3563,"ESL Bootcamp: Immortals",2017,null,null,"10/100",1
3556,"Raw. Vegan. Not Gross.",2013,null,null,"13/100",1
3548,"El Negocio",2014,null,null,"13/100",1
3544,"The Bravest Knight Who Ever Lived",2014,null,null,"13/100",1
3536,"NASA Television Documentaries",2015,null,null,"13/100",1
3531,"UFC Ultimate Knockouts",2014,null,null,"13/100",1
3519,"ESL: Defining Moments",2017,null,null,"14/100",1
3369,"Destiny",2014,null,"7.6/10","31/100",1
3368,"Make This Tonight",2020,null,null,"31/100",1
3357,"Chiquis 'n Control",2012,null,"8.4/10","32/100",1
3274,"Behind Closed Doors",2011,"16+","7.2/10","38/100",1
3271,"Up to Speed",2012,"16+","6.5/10","38/100",1
3270,"After School Dice Club",2019,"16+","6.6/10","38/100",1
3269,"Nightcap",2016,"7+","5.0/10","38/100",1
3266,"WWE Superstars",2009,"7+","5.8/10","38/100",1
3265,"Life of Kylie",2017,"16+","3.5/10","38/100",1
3262,"Struggle Meals",2017,null,null,"38/100",1
3260,"Afterlost",2019,null,"5.2/10","39/100",1
3255,"The Riveras",2016,"7+","7.6/10","39/100",1
3275,"Open Door",2019,null,"6.5/10","38/100",1
3254,"Many Sides of Jane",2019,"16+","6.1/10","39/100",1
3251,"Special 7: Special Crime Investigation Unit",2019,null,"6.4/10","39/100",1
3249,"A Day in the Life",2011,null,"5.9/10","39/100",1
3248,"Smile Down the Runway",2020,null,"6.8/10","39/100",1
3243,"The Hotwives of Las Vegas",2015,null,"6.6/10","39/100",1
3241,"Seven Year Switch",2015,"16+","5.3/10","39/100",1
3239,"Born Behind Bars",2017,"16+","8.1/10","39/100",1
3236,"Bajo el Mismo Cielo",2015,"16+","8.0/10","39/100",1
3232,"The School That Tried to End Racism",2020,null,null,"40/100",1
3229,"The Weekly",2019,"18+","6.6/10","40/100",1
3253,"Greta Thunberg: A Year to Change the World",2021,null,"4.6/10","39/100",1
3283,"Behind the Mask",2013,null,"7.4/10","38/100",1
3286,"Sorcerous Stabber Orphen",2020,"16+","5.7/10","37/100",1
3287,"Future-Worm!",2016,"7+","5.2/10","37/100",1
3354,"Dish Nation",2011,"7+","3.6/10","33/100",1
3350,"Vets Saving Pets",2018,null,"7.8/10","33/100",1
3346,"Activate: The Global Citizen Movement",2019,null,"5.3/10","33/100",1
3336,"Dress to Impress",2017,null,"6.0/10","34/100",1
3335,"UFC Unleashed",2007,null,"7.8/10","34/100",1
3333,"The Bravest Knight",2019,"7+","6.4/10","34/100",1
3332,"Terrific Trucks",2016,"all","5.7/10","34/100",1
3331,"Doozers",2014,"all","6.8/10","34/100",1
3328,"Baldwin Hills",2007,"16+","4.3/10","35/100",1
3325,"NASA X",2012,null,null,"35/100",1
3324,"UFC Main Event",2007,null,null,"35/100",1
3321,"Missing",2010,null,"7.3/10","35/100",1
3320,"RocketJump: The Show",2015,"16+","7.2/10","35/100",1
3319,"Nostradamus Effect",2009,null,"5.0/10","35/100",1
3316,"The Grill Dads",2017,"7+","7.6/10","35/100",1
3313,"Dama y Obrero",2013,"16+","7.7/10","36/100",1
3311,"With All Due Respect",2014,null,"8.2/10","36/100",1
3302,"""Bad Habits, Holy Orders""",2017,null,"7.0/10","36/100",1
3298,"Daisy of Love",2009,"16+","4.5/10","36/100",1
3291,"BEM",2019,"16+","6.0/10","37/100",1
3289,"The Masked Dancer",2020,"7+","4.1/10","37/100",1
3364,"UFC Fight Flashback",2014,null,"7.8/10","31/100",1
5270,"Supernova",2005,null,null,"10/100",1
5591,"The Lodge",2016,null,"6.2/10","46/100",1
5575,"Pick of the Litter",2019,"7+","8.1/10","47/100",1
3017,"Chopped Junior",2015,null,"6.4/10","48/100",1
4193,"Little Men",1998,null,"7.6/10","46/100",1
4417,"Ghost Stories",1997,null,"6.6/10","39/100",1
3015,"Total Bellas",2016,"16+","5.8/10","48/100",1
3010,"Behind Bars: Rookie Year",2015,"16+","7.8/10","48/100",1
2162,"Nip/Tuck",2003,"18+","7.6/10","74/100",1
2161,"One Tree Hill",2003,"16+","7.7/10","74/100",1
2160,"Sailor Moon",1992,"16+","7.8/10","74/100",1
2157,"Tokyo Ghoul",2014,"16+","7.8/10","74/100",1
2155,"CSI: Crime Scene Investigation",2000,"16+","7.6/10","74/100",1
2153,"Mayans M.C.",2018,"18+","7.6/10","74/100",1
2152,"Genius",2017,"16+","8.3/10","74/100",1
2151,"The Unit",2006,"16+","8.1/10","74/100",1
2150,"Brockmire",2017,"18+","8.0/10","74/100",1
2163,"Looking for Alaska",2019,"18+","8.1/10","74/100",1
2149,"Empire",2015,"16+","7.4/10","74/100",1
2145,"Letterkenny",2016,"18+","8.6/10","74/100",1
2144,"Absolutely Fabulous",1992,"16+","8.1/10","74/100",1
2143,"Cardinal",2017,"18+","7.7/10","74/100",1
2142,"The Mighty Boosh",2004,"16+","8.3/10","75/100",1
2140,"Dragon Ball Super",2015,"7+","8.4/10","75/100",1
2139,"Staged",2020,null,"8.6/10","75/100",1
2138,"Saturday Night Live",1975,"16+","8.0/10","75/100",1
2137,"Wayward Pines",2015,"16+","7.4/10","75/100",1
2136,"Switched at Birth",2011,"16+","7.7/10","75/100",1
2146,"Scream Queens",2015,"16+","7.1/10","74/100",1
2135,"Top of the Lake",2013,"18+","7.5/10","75/100",1
2165,"The Golden Girls",1985,"7+","8.0/10","74/100",1
2168,"The Purge",2018,"18+","6.5/10","73/100",1
2199,"Dragon Ball",1996,"16+","8.5/10","72/100",1
2198,"The Resident",2018,"16+","7.7/10","72/100",1
2197,"The Bold Type",2017,"16+","7.9/10","72/100",1
2195,"Ugly Betty",2006,"7+","6.5/10","72/100",1
2194,"Anthony Bourdain: No Reservations",2005,"7+","8.5/10","72/100",1
2193,"Graceland",2013,"16+","7.7/10","72/100",1
2192,"The Wonder Years",1988,"7+","8.3/10","72/100",1
2189,"UnREAL",2015,"16+","7.8/10","72/100",1
2188,"Harlots",2017,"18+","7.7/10","72/100",1
2167,"Cougar Town",2009,"7+","7.0/10","73/100",1
2187,"I Love Lucy",1951,"all","8.4/10","72/100",1
2184,"Witches of East End",2013,"16+","7.6/10","73/100",1
2183,"Black Clover",2017,"16+","8.3/10","73/100",1
2179,"The Mindy Project",2012,"7+","7.4/10","73/100",1
2177,"Salem",2014,"18+","7.2/10","73/100",1
2176,"Nashville",2012,"7+","7.7/10","73/100",1
2175,"Steven Universe",2013,"7+","8.2/10","73/100",1
2174,"Blindspot",2015,"16+","7.4/10","73/100",1
2170,"The Rookie",2018,"16+","8.0/10","73/100",1
2169,"Catch-22",2019,"18+","7.8/10","73/100",1
2185,"Whitechapel",2009,"7+","7.9/10","73/100",1
2134,"M*A*S*H",1972,"7+","8.4/10","75/100",1
2133,"Regular Show",2010,"7+","8.4/10","75/100",1
2132,"Sleepy Hollow",2013,"16+","7.4/10","75/100",1
2098,"Prodigal Son",2019,"16+","7.7/10","77/100",1
2097,"Better Off Ted",2009,"7+","8.2/10","77/100",1
2096,"Chicago Fire",2012,"16+","8.0/10","77/100",1
2095,"Cruel Summer",2021,"16+","7.5/10","77/100",1
2094,"The Last Ship",2014,"16+","7.5/10","77/100",1
2093,"Castle Rock",2018,"18+","7.6/10","77/100",1
2092,"Law & Order: Special Victims Unit",1999,"16+","8.0/10","78/100",1
2091,"Raising Hope",2010,"16+","8.0/10","78/100",1
2089,"Motherland: Fort Salem",2020,"16+","7.2/10","78/100",1
2099,"Timeless",2016,"7+","7.7/10","77/100",1
2088,"Scandal",2012,"16+","7.7/10","78/100",1
2086,"The Great",2020,"18+","8.1/10","78/100",1
2085,"This Way Up",2019,null,"7.8/10","78/100",1
2084,"Dollhouse",2009,"16+","7.7/10","78/100",1
2083,"Malcolm in the Middle",2000,"7+","8.0/10","78/100",1
2082,"Key & Peele",2012,"18+","8.3/10","78/100",1
2080,"The League",2009,"18+","8.2/10","78/100",1
2078,"The Terror",2018,"18+","7.9/10","78/100",1
2077,"The Strain",2014,"18+","7.3/10","78/100",1
2076,"The Venture Bros.",2004,"18+","8.5/10","78/100",1
2087,"My Name Is Earl",2005,"16+","7.7/10","78/100",1
2100,"Devs",2020,"18+","7.7/10","77/100",1
2103,"You're the Worst",2014,"18+","8.1/10","77/100",1
2104,"Elfen Lied",2004,"18+","8.0/10","77/100",1
2131,"Better Things",2016,"18+","7.8/10","75/100",1
2128,"Future Man",2017,"18+","7.7/10","75/100",1
2127,"The Gifted",2017,"16+","7.3/10","75/100",1
2126,"RuPaul's Drag Race All Stars",2012,"16+","8.5/10","76/100",1
2125,"My Mad Fat Diary",2013,"16+","8.4/10","76/100",1
2123,"Stargate Universe",2009,"16+","7.6/10","76/100",1
2122,"Everybody Hates Chris",2005,"7+","7.4/10","76/100",1
2120,"Shadowhunters",2016,"16+","6.6/10","76/100",1
2119,"Rescue Me",2004,"18+","8.3/10","76/100",1
2118,"Marvel's Runaways",2017,"16+","7.0/10","76/100",1
2117,"Stargate Atlantis",2004,"7+","8.1/10","76/100",1
2116,"Chicago P.D.",2014,"16+","8.1/10","76/100",1
2114,"American Dad!",2005,"16+","7.3/10","76/100",1
2113,"The Exorcist",2016,"16+","8.0/10","76/100",1
2112,"In the Flesh",2013,"18+","8.0/10","76/100",1
2111,"The Librarians",2014,"16+","7.3/10","76/100",1
2110,"Little Fires Everywhere",2020,"18+","7.7/10","76/100",1
2109,"My So-Called Life",1994,"16+","8.3/10","76/100",1
2107,"The Last Man on Earth",2015,"16+","7.3/10","77/100",1
2106,"Lethal Weapon",2016,"16+","7.9/10","77/100",1
2105,"Please Like Me",2013,"18+","8.5/10","77/100",1
2200,"The Goldbergs",2013,"7+","8.1/10","72/100",1
2075,"Snowfall",2017,"18+","8.2/10","78/100",1
2202,"American Horror Stories",2021,"18+","6.5/10","72/100",1
2204,"Fairy Tail",2009,"16+","8.0/10","72/100",1
2305,"Ally McBeal",1997,"16+","6.8/10","68/100",1
2301,"Ghost Whisperer",2005,"7+","6.4/10","68/100",1
2300,"Top Chef",2006,"16+","7.6/10","68/100",1
2299,"Assassination Classroom",2015,"16+","8.0/10","68/100",1
2298,"Fosse/Verdon",2019,"18+","7.9/10","68/100",1
2297,"Rugrats",1991,"all","7.4/10","68/100",1
2296,"FLCL",2000,"18+","8.2/10","68/100",1
2295,"Angie Tribeca",2016,"16+","7.0/10","68/100",1
2294,"Legends",2014,"16+","7.5/10","68/100",1
2307,"Everything's Gonna Be Okay",2020,"16+","7.3/10","68/100",1
2292,"Roswell",1999,"16+","7.5/10","68/100",1
2290,"Pitch",2016,"16+","7.4/10","68/100",1
2289,"The Amazing Race",2001,"7+","7.6/10","68/100",1
2288,"Life in Pieces",2015,"16+","8.0/10","69/100",1
2287,"30 for 30",2009,"7+","8.8/10","69/100",1
2282,"Underground",2016,"18+","7.8/10","69/100",1
2280,"The Bridge",2013,"18+","7.6/10","69/100",1
2279,"The Glades",2010,"16+","7.4/10","69/100",1
2278,"NOS4A2",2019,"16+","6.7/10","69/100",1
2277,"Hey Arnold!",1996,"all","7.6/10","69/100",1
2291,"Numb3rs",2005,"7+","6.9/10","68/100",1
2276,"I Am the Night",2019,"18+","7.0/10","69/100",1
2308,"Psycho-Pass",2012,"18+","8.2/10","68/100",1
2313,"Wu-Tang: An American Saga",2019,"18+","8.2/10","68/100",1
2344,"Star vs. the Forces of Evil",2015,"7+","8.0/10","67/100",1
2343,"My Wife and Kids",2001,"7+","6.8/10","67/100",1
2342,"Devious Maids",2013,"7+","7.8/10","67/100",1
2341,"Kitchen Nightmares",2007,"16+","7.5/10","67/100",1
2339,"Rascal Does Not Dream of Bunny Girl Senpai",2018,"16+","8.2/10","67/100",1
2335,"Deadliest Catch",2005,"16+","7.8/10","67/100",1
2333,"Single Parents",2018,"7+","7.1/10","67/100",1
2332,"Descendants of the Sun",2016,"16+","8.3/10","67/100",1
2330,"Overlord",2015,"18+","7.8/10","67/100",1
2312,"Friday Night Dinner",2011,"18+","8.1/10","68/100",1
2327,"The Mick",2017,"16+","7.8/10","67/100",1
2325,"Good Trouble",2019,"16+","7.5/10","67/100",1
2323,"10 Things I Hate About You",2009,"16+","7.3/10","67/100",1
2322,"The Son",2017,"16+","7.5/10","67/100",1
2321,"Making It",2018,"7+","7.9/10","67/100",1
2319,"Ghost Adventures",2008,"13+","7.5/10","67/100",1
2318,"Shark Tank",2009,"7+","7.6/10","68/100",1
2317,"Marvel's M.O.D.O.K.",2021,"18+","6.3/10","68/100",1
2316,"Claws",2017,"18+","7.4/10","68/100",1
2315,"Hellsing Ultimate",2006,"18+","8.3/10","68/100",1
2275,"Lodge 49",2018,"16+","7.7/10","69/100",1
2274,"Brassic",2019,null,"8.3/10","69/100",1
2273,"Yu Yu Hakusho",1992,"16+","8.4/10","69/100",1
2237,"Body of Proof",2011,"16+","7.1/10","70/100",1
2236,"Last Man Standing",2011,"7+","7.5/10","70/100",1
2235,"SIX",2017,"18+","7.3/10","70/100",1
2234,"Trust",2018,"18+","7.6/10","70/100",1
2233,"Solar Opposites",2020,"18+","8.0/10","70/100",1
2229,"Doc Martin",2004,"7+","8.3/10","71/100",1
2228,"King of the Hill",1997,"7+","7.3/10","71/100",1
2227,"Will & Grace",1998,"16+","7.2/10","71/100",1
2224,"Mom",2013,"16+","7.2/10","71/100",1
2238,"The Hitchhiker's Guide to the Galaxy",1981,"7+","8.0/10","70/100",1
2222,"Murdoch Mysteries",2008,"7+","8.1/10","71/100",1
2216,"The Musketeers",2014,"16+","7.8/10","71/100",1
2215,"Boruto: Naruto Next Generations",2017,"16+","7.0/10","71/100",1
2214,"People of Earth",2016,"18+","7.7/10","71/100",1
2212,"Hell's Kitchen",2005,"16+","7.1/10","71/100",1
2211,"Blackadder",1983,"7+","8.0/10","71/100",1
2210,"The Amazing World of Gumball",2011,"7+","8.2/10","71/100",1
2209,"Horace and Pete",2016,"18+","8.5/10","72/100",1
2207,"High Fidelity",2020,"18+","7.7/10","72/100",1
2206,"Bunheads",2012,"16+","7.6/10","72/100",1
2221,"Good Behavior",2016,"18+","8.1/10","71/100",1
2239,"Afro Samurai",2007,"18+","7.7/10","70/100",1
2240,"S.W.A.T.",2017,"16+","7.0/10","70/100",1
2242,"For Life",2020,"16+","7.6/10","70/100",1
2270,"Man Seeking Woman",2015,"18+","7.8/10","69/100",1
2269,"Animaniacs",1993,"all","7.9/10","69/100",1
2268,"The Eric Andre Show",2012,"18+","8.6/10","69/100",1
2266,"MasterChef",2010,"16+","7.3/10","69/100",1
2265,"Drake & Josh",2004,"all","7.7/10","69/100",1
2264,"Queen Sugar",2016,"16+","7.6/10","69/100",1
2263,"Breeders",2020,"18+","7.4/10","69/100",1
2262,"Legit",2013,"18+","8.2/10","69/100",1
2261,"Das Boot",2018,"18+","7.4/10","69/100",1
2259,"Make It or Break It",2009,"16+","7.5/10","69/100",1
2258,"The Split",2018,"18+","7.7/10","69/100",1
2257,"Chance",2016,"18+","7.7/10","69/100",1
2256,"The Wrong Mans",2013,"18+","7.8/10","70/100",1
2255,"Big Sky",2020,"16+","6.7/10","70/100",1
2254,"Rurouni Kenshin",1996,"16+","8.5/10","70/100",1
2253,"Touch",2012,"16+","7.3/10","70/100",1
2252,"Baskets",2016,"18+","7.6/10","70/100",1
2249,"Casual",2015,"18+","7.5/10","70/100",1
2248,"Greek",2007,"16+","7.5/10","70/100",1
2247,"The Detour",2016,"18+","7.7/10","70/100",1
2246,"Flashpoint",2008,"16+","7.7/10","70/100",1
2203,"ER",1994,"16+","7.7/10","72/100",1
2073,"Angel",1999,"7+","7.9/10","79/100",1
2072,"Terminator: The Sarah Connor Chronicles",2008,"7+","7.7/10","79/100",1
2071,"The Good Doctor",2017,"16+","8.1/10","79/100",1
1899,"CoComelon",2020,null,null,"25/100",1
1821,"Morphle",2019,"all","4.9/10","34/100",1
2037,"DAVE",2020,"18+","8.3/10","82/100",1
2036,"Cheers",1982,"7+","7.9/10","82/100",1
2035,"Family Guy",1999,"16+","8.1/10","82/100",1
2034,"Cosmos",2014,"all","9.3/10","82/100",1
2033,"Steins;Gate",2011,"16+","8.8/10","82/100",1
2032,"Burn Notice",2007,"7+","7.9/10","82/100",1
2028,"The Killing",2011,"18+","8.2/10","82/100",1
2027,"Bones",2005,"16+","7.8/10","82/100",1
2026,"Mr. Bean",1990,"all","8.5/10","82/100",1
2039,"Misfits",2009,"18+","8.2/10","81/100",1
2024,"11.22.63",2016,"18+","8.2/10","83/100",1
2022,"Elementary",2012,"16+","7.9/10","83/100",1
2019,"Pride and Prejudice",1995,"all","8.8/10","83/100",1
2017,"Taboo",2017,"18+","8.4/10","83/100",1
2015,"Friday Night Lights",2006,"7+","8.6/10","83/100",1
2014,"Mr Inbetween",2018,"18+","8.6/10","83/100",1
2012,"Frasier",1993,"7+","8.1/10","83/100",1
2010,"The Office",2001,"16+","8.5/10","84/100",1
2008,"Atlanta",2016,"18+","8.6/10","84/100",1
2007,"Legion",2017,"18+","8.2/10","84/100",1
2023,"Veronica Mars",2004,"16+","8.3/10","83/100",1
2040,"Peep Show",2003,"18+","8.6/10","81/100",1
2042,"Criminal Minds",2005,"16+","8.0/10","81/100",1
2043,"Superstore",2015,"16+","7.8/10","81/100",1
2070,"Younger",2015,"16+","7.8/10","79/100",1
2069,"The Fosters",2013,"16+","7.9/10","79/100",1
2068,"The Act",2019,"18+","8.0/10","79/100",1
2067,"Workaholics",2011,"16+","8.1/10","79/100",1
2066,"Samurai Champloo",2004,"18+","8.5/10","79/100",1
2065,"Revenge",2011,"18+","7.8/10","79/100",1
2064,"Boston Legal",2004,"16+","8.4/10","79/100",1
2062,"Broad City",2014,"18+","8.4/10","79/100",1
2061,"Desperate Housewives",2004,"7+","7.5/10","79/100",1
2059,"Inside No. 9",2014,"18+","8.5/10","80/100",1
2058,"Blue Bloods",2010,"16+","7.6/10","80/100",1
2057,"Cowboy Bebop",1998,"16+","8.9/10","80/100",1
2056,"""Love, Victor""",2020,"16+","8.1/10","80/100",1
2055,"Fear the Walking Dead",2015,"18+","6.9/10","80/100",1
2054,"RuPaul's Drag Race",2009,"16+","8.4/10","80/100",1
2052,"Smallville",2001,"7+","7.5/10","80/100",1
2051,"Dirk Gently's Holistic Detective Agency",2016,"16+","8.3/10","80/100",1
2050,"12 Monkeys",2015,"16+","7.7/10","80/100",1
2049,"Preacher",2016,"18+","8.0/10","80/100",1
2047,"The Orville",2017,"16+","8.0/10","80/100",1
2044,"Lie to Me",2009,"16+","8.0/10","81/100",1
2006,"30 Rock",2006,"16+","8.2/10","84/100",1
2345,"Dark Side of the Ring",2019,"16+","8.8/10","67/100",1
2005,"Bob's Burgers",2011,"16+","8.1/10","85/100",1
2002,"Teen Wolf",2011,"16+","7.6/10","85/100",1
1968,"The Simpsons",1989,"7+","8.6/10","91/100",1
1967,"Parks and Recreation",2009,"16+","8.6/10","91/100",1
1966,"Lost",2004,"16+","8.3/10","91/100",1
1965,"Brooklyn Nine-Nine",2013,"16+","8.4/10","92/100",1
1964,"Fargo",2014,"18+","8.9/10","92/100",1
1963,"Vikings",2013,"18+","8.5/10","92/100",1
1960,"Rick and Morty",2013,"18+","9.2/10","100/100",1
1970,"It's Always Sunny in Philadelphia",2005,"18+","8.8/10","90/100",1
1971,"Firefly",2002,"16+","9.0/10","90/100",1
1972,"My Hero Academia",2016,"16+","8.4/10","90/100",1
1973,"How I Met Your Mother",2005,"16+","8.3/10","90/100",1
2001,"White Collar",2009,"7+","8.2/10","85/100",1
2000,"Buffy the Vampire Slayer",1997,"16+","8.2/10","86/100",1
1999,"The Twilight Zone",1959,"7+","9.0/10","86/100",1
1998,"24",2001,"16+","8.3/10","86/100",1
1997,"Adventure Time",2010,"7+","8.6/10","86/100",1
1996,"Killing Eve",2018,"16+","8.2/10","86/100",1
1993,"Archer",2009,"18+","8.6/10","86/100",1
1990,"Scrubs",2001,"16+","8.3/10","87/100",1
1988,"Prison Break",2005,"16+","8.3/10","87/100",1
1987,"Freaks and Geeks",1999,"16+","8.7/10","87/100",1
1986,"This Is Us",2016,"16+","8.7/10","87/100",1
1985,"Justified",2010,"18+","8.6/10","87/100",1
1984,"Line of Duty",2012,"18+","8.7/10","87/100",1
1983,"The X-Files",1993,"18+","8.6/10","87/100",1
1981,"Sons of Anarchy",2008,"18+","8.5/10","88/100",1
1979,"Futurama",1999,"16+","8.4/10","88/100",1
1978,"Gravity Falls",2012,"7+","8.9/10","88/100",1
1977,"Homeland",2011,"18+","8.3/10","89/100",1
1976,"Twin Peaks",1990,"18+","8.8/10","89/100",1
1975,"The Handmaid's Tale",2017,"18+","8.4/10","90/100",1
1974,"Modern Family",2009,"7+","8.4/10","90/100",1
2004,"The Shield",2002,"18+","8.7/10","85/100",1
2346,"High School DxD",2012,"18+","7.6/10","67/100",1
2348,"Apple Tree Yard",2017,"16+","7.2/10","67/100",1
2349,"9-1-1: Lone Star",2020,"16+","6.8/10","67/100",1
2787,"Black Narcissus",2020,"18+","5.8/10","54/100",1
2785,"Hollywood Game Night",2013,"7+","7.2/10","54/100",1
2784,"Skin Wars",2014,"16+","7.1/10","54/100",1
2782,"Sex&Drugs&Rock&Roll",2015,"16+","7.1/10","54/100",1
2781,"Undercover Boss",2010,"7+","5.8/10","54/100",1
2780,"ID: INVADED",2020,"18+","7.7/10","54/100",1
2778,"Jersey Shore",2009,"16+","3.6/10","54/100",1
2776,"Iron Chef America",2005,"all","7.1/10","54/100",1
2771,"Deutschland 89",2020,null,"7.8/10","55/100",1
2789,"Pramface",2012,"16+","7.5/10","54/100",1
2770,"Beyond Scared Straight",2011,"18+","7.3/10","55/100",1
2766,"City Homicide",2007,"16+","7.5/10","55/100",1
2764,"Digimon Adventure:",2020,"all","7.4/10","55/100",1
2763,"My Love Story!!",2015,"16+","7.8/10","55/100",1
2762,"Call Me Kat",2021,"7+","5.0/10","55/100",1
2760,"A Certain Scientific Railgun",2009,"16+","7.6/10","55/100",1
2759,"Infinite Stratos",2011,"18+","6.7/10","55/100",1
2757,"90 Day Fiancé: Before the 90 Days",2017,"16+","6.8/10","55/100",1
2756,"Daniel Deronda",2002,null,"7.2/10","55/100",1
2753,"My Favorite Martian",1963,"all","7.3/10","55/100",1
2767,"The Lucy Show",1962,"7+","7.2/10","55/100",1
2750,"Arifureta: From Commonplace to World's Strongest",2019,"16+","7.0/10","55/100",1
2791,"The Lowe Files",2017,"7+","6.9/10","54/100",1
2796,"Lincoln Heights",2007,"7+","7.8/10","54/100",1
2823,"Bring It!",2014,"7+","6.7/10","53/100",1
2821,"Hikaru no Go",2001,"all","8.3/10","53/100",1
2820,"Bachelor in Paradise",2014,"16+","5.2/10","53/100",1
2819,"To Tell the Truth",2016,"7+","6.2/10","53/100",1
2818,"The Sister",2020,null,"5.7/10","53/100",1
2817,"Doc McStuffins",2012,"all","6.6/10","53/100",1
2816,"Just Between Lovers",2017,null,"8.1/10","53/100",1
2815,"The Bachelor",2002,"16+","3.2/10","53/100",1
2814,"Witchblade",2006,"18+","7.1/10","53/100",1
2794,"City So Real",2020,"16+","7.5/10","54/100",1
2813,"Coupling",2000,"7+","3.6/10","53/100",1
2808,"Swamp People",2010,"7+","6.2/10","54/100",1
2806,"Dream Corp LLC",2016,"16+","7.2/10","54/100",1
2805,"Trust Me",2017,null,"7.0/10","54/100",1
2803,"Wander Over Yonder",2013,"7+","7.2/10","54/100",1
2802,"Devils' Line",2018,"18+","6.9/10","54/100",1
2801,"Find Me in Paris",2018,"all","7.2/10","54/100",1
2800,"Nura: Rise of the Yokai Clan",2010,"16+","7.6/10","54/100",1
2799,"The Housewife and the Hustler",2021,null,"6.4/10","54/100",1
2798,"The Asterisk War",2015,"16+","6.9/10","54/100",1
2811,"Baghdad Central",2020,null,"7.3/10","54/100",1
2749,"The Most Dangerous Animal of All",2020,"16+","6.3/10","55/100",1
2748,"Match Game",1973,"7+","8.3/10","55/100",1
2745,"Prey",2014,null,"7.2/10","55/100",1
2701,"MasterChef Junior",2013,"all","6.7/10","56/100",1
2700,"Devil May Cry",2007,"16+","7.1/10","56/100",1
2697,"School Rumble",2004,"7+","7.8/10","56/100",1
2696,"Locked Up Abroad",2008,"16+","8.2/10","56/100",1
2695,"The Secret of Crickley Hall",2012,null,"6.9/10","56/100",1
2694,"Graves",2016,"18+","6.6/10","57/100",1
2692,"Sonic Boom",2014,"7+","6.9/10","57/100",1
2688,"Love & Hip Hop Atlanta",2012,"16+","5.5/10","57/100",1
2687,"Akudama Drive",2020,"18+","7.5/10","57/100",1
2702,"Utopia Falls",2020,"7+","5.4/10","56/100",1
2685,"Sasquatch",2021,"18+","6.2/10","57/100",1
2683,"House Hunters International",2006,"all","7.0/10","57/100",1
2682,"""Doogie Howser, M.D.""",1989,"7+","6.5/10","57/100",1
2678,"The Bisexual",2018,null,"6.3/10","57/100",1
2677,"Bad Girls Club",2006,"16+","4.7/10","57/100",1
2675,"Storage Wars",2010,"7+","6.3/10","57/100",1
2674,"The Real Housewives of New York City",2008,"16+","4.5/10","57/100",1
2673,"Outlaw Star",1998,"16+","7.9/10","57/100",1
2672,"Guilty Crown",2011,"16+","7.1/10","57/100",1
2671,"Curious George",2006,"all","7.2/10","57/100",1
2684,"Shark",2006,"16+","7.1/10","57/100",1
2703,"Fear Factor",2001,"7+","5.6/10","56/100",1
2705,"Aesthetica of a Rogue Hero",2012,"18+","7.1/10","56/100",1
2706,"""Drugs, Inc.""",2010,"16+","7.8/10","56/100",1
2744,"Barbarians Rising",2016,"18+","7.8/10","55/100",1
2741,"Fast N' Loud",2012,"16+","7.5/10","55/100",1
4091,"Brian Banks",2019,"13+",null,"63/100",0
2739,"Rosario + Vampire",2008,"18+","7.0/10","55/100",1
2737,"Attack on Titan: Junior High",2015,"16+","7.1/10","55/100",1
2736,"The Titan Games",2019,"all","7.0/10","55/100",1
2735,"The Firm",2012,"16+","7.1/10","55/100",1
2733,"OK K.O.! Let's Be Heroes",2017,"7+","7.0/10","55/100",1
2731,"The Secret Life of the American Teenager",2008,"16+","5.0/10","55/100",1
2726,"Love It or List It",2008,"all","6.3/10","56/100",1
2725,"Plastic Memories",2015,"16+","7.4/10","56/100",1
2723,"Cake Boss",2009,"7+","6.6/10","56/100",1
2721,"Digimon Tamers",2001,"7+","7.7/10","56/100",1
2720,"Taste the Nation with Padma Lakshmi",2020,"16+","8.4/10","56/100",1
2719,"Blossom",1990,"all","6.0/10","56/100",1
2717,"Worst Cooks in America",2010,"all","6.4/10","56/100",1
2716,"Paradox",2009,"16+","7.0/10","56/100",1
2713,"Celebrity Family Feud",2008,"7+","6.3/10","56/100",1
2712,"Bless the Harts",2019,"16+","5.4/10","56/100",1
2710,"Filthy Rich",2020,"16+","6.2/10","56/100",1
2708,"Dr. Pimple Popper",2018,"16+","6.6/10","56/100",1
2707,"Pure",2017,"18+","7.0/10","56/100",1
2825,"Street Outlaws",2013,"7+","6.7/10","53/100",1
2827,"Accel World",2012,"16+","7.1/10","53/100",1
2828,"Beat Shazam",2017,"16+","6.0/10","53/100",1
2829,"Eden of the East",2009,"18+","7.6/10","53/100",1
2955,"The Real Housewives of Orange County",2006,"16+","4.1/10","49/100",1
2954,"The Wallflower",2006,"16+","7.4/10","49/100",1
2952,"The Furchester Hotel",2014,"all","7.2/10","49/100",1
2951,"Our Last Crusade or the Rise of a New World",2020,"16+","6.4/10","49/100",1
2950,"Marrying Millions",2019,null,"5.0/10","49/100",1
2946,"Southern Gothic",2020,null,"7.0/10","50/100",1
2944,"Dagashi Kashi",2016,"16+","6.2/10","50/100",1
2941,"Yashahime: Princess Half-Demon",2020,"16+","7.2/10","50/100",1
2940,"Sherman's Showcase",2019,"18+","6.4/10","50/100",1
2956,"Married to Medicine",2013,"16+","5.2/10","49/100",1
2939,"Maken-Ki! Battling Venus",2011,"18+","6.1/10","50/100",1
2936,"Marido en Alquiler",2013,null,"8.3/10","50/100",1
2935,"Baka and Test: Summon the Beasts",2010,"7+","7.3/10","50/100",1
2934,"Crossing Swords",2020,"18+","6.6/10","50/100",1
2932,"The New Detectives",1996,"7+","7.8/10","50/100",1
2928,"Sister Wives",2010,"16+","4.4/10","50/100",1
2927,"East Los High",2013,"16+","7.1/10","50/100",1
2925,"Blast of Tempest",2012,"16+","7.6/10","50/100",1
2924,"Stars Align",2019,"16+","7.2/10","50/100",1
2923,"""The $100,000 Pyramid""",2016,"16+","6.2/10","50/100",1
2938,"Threesome",2011,"18+","7.6/10","50/100",1
2958,"The Real Housewives of New Jersey",2009,"16+","4.0/10","49/100",1
2959,"Cold Squad",1998,"16+","7.0/10","49/100",1
2960,"The Murder of Laci Peterson",2017,"16+","7.4/10","49/100",1
3009,"Uncle Grandpa",2013,"7+","4.3/10","48/100",1
3007,"""Demon Lord, Retry!""",2019,"16+","6.8/10","48/100",1
3006,"Saved by the Bell: The College Years",1993,"7+","6.3/10","48/100",1
3005,"A Very Brady Renovation",2019,null,"8.1/10","48/100",1
3003,"Mental Samurai",2019,"7+","6.0/10","48/100",1
3002,"Cleopatra in Space",2020,"all","6.8/10","48/100",1
3000,"Breaking Amish",2012,"16+","5.0/10","48/100",1
2998,"Weakest Link",2001,"7+","5.4/10","48/100",1
2990,"The Killer Speaks",2013,"16+","7.4/10","48/100",1
2989,"America: Our Defining Hours",2020,null,null,"48/100",1
2983,"Maxxx",2020,null,"6.4/10","48/100",1
2978,"Below the Surface",2017,null,"7.2/10","49/100",1
2977,"Black Blood Brothers",2006,"16+","7.1/10","49/100",1
2974,"Press Your Luck",2019,"7+","6.1/10","49/100",1
2973,"Air Gear",2006,"18+","7.2/10","49/100",1
2971,"Total Wipeout",2009,null,"6.0/10","49/100",1
2969,"Wasted",2016,"18+","7.4/10","49/100",1
2968,"StarTalk with Neil deGrasse Tyson",2015,"all","7.8/10","49/100",1
2966,"Snake City",2014,"16+","8.6/10","49/100",1
2965,"Caillou",1998,"all","4.0/10","49/100",1
2962,"Alone: The Beast",2020,"7+","5.8/10","49/100",1
2919,"Blood Lad",2013,"16+","7.1/10","51/100",1
2670,"Blood Blockade Battlefront",2015,"18+","7.3/10","57/100",1
2918,"Worth It",2016,null,"8.6/10","51/100",1
2912,"In My Skin",2020,"16+","7.6/10","51/100",1
2873,"Little Women: LA",2014,"16+","5.6/10","52/100",1
2870,"Shahs of Sunset",2012,"16+","4.7/10","52/100",1
2868,"La Patrona",2013,"16+","7.2/10","52/100",1
2867,"Hillary",2020,"7+","6.5/10","52/100",1
2866,"Trafficked with Mariana van Zeller",2020,"16+","8.4/10","52/100",1
2861,"WWE NXT",2010,"7+","7.8/10","52/100",1
2856,"Handy Manny",2006,"all","5.6/10","52/100",1
2853,"A Wilderness of Error",2020,"18+","6.5/10","52/100",1
2852,"Feed the Beast",2016,"16+","6.7/10","52/100",1
2874,"Quick Draw",2013,"16+","7.7/10","52/100",1
2851,"Dragon Quest: The Adventure of Dai",2020,null,"8.2/10","52/100",1
2846,"Kick Buttowski: Suburban Daredevil",2010,"7+","6.6/10","53/100",1
2845,"Mr. D",2012,null,"6.6/10","53/100",1
2842,"Slayers",1995,"7+","7.5/10","53/100",1
2841,"Bedlam",2011,"16+","6.6/10","53/100",1
2840,"The Real Housewives of Atlanta",2008,"16+","4.4/10","53/100",1
2837,"Zeke and Luther",2009,"7+","6.4/10","53/100",1
2836,"Vanderpump Rules",2013,"16+","5.4/10","53/100",1
2831,"America's Most Wanted",1988,"7+","7.3/10","53/100",1
2830,"Saints & Sinners",2016,"16+","7.4/10","53/100",1
2847,"The Real Housewives of Potomac",2016,"16+","4.8/10","53/100",1
2878,"Blood-C",2011,"18+","6.3/10","52/100",1
2879,"Unusual Suspects",2010,"16+","7.6/10","52/100",1
2882,"Black Jesus",2014,"18+","6.9/10","51/100",1
2911,"The Driver",2014,"16+","7.0/10","51/100",1
2909,"World of Dance",2017,"7+","7.2/10","51/100",1
2908,"Hunderby",2012,"16+","7.5/10","51/100",1
4262,"A Score to Settle",2019,null,null,"58/100",0
2906,"Flavor of Love",2006,"16+","4.5/10","51/100",1
2905,"Is This a Zombie?",2011,"18+","7.1/10","51/100",1
2903,"The Menendez Murders: Erik Tells All",2017,null,"7.5/10","51/100",1
2902,"Born This Way",2015,"7+","8.5/10","51/100",1
2900,"Total Divas",2013,"16+","6.5/10","51/100",1
2899,"Absolute Duo",2015,"18+","6.4/10","51/100",1
2898,"Hollyoaks",1995,"16+","4.7/10","51/100",1
2896,"Yu-Gi-Oh! 5D's",2008,"13+","6.8/10","51/100",1
2895,"Plunderer",2020,"16+","6.4/10","51/100",1
2894,"The Awesomes",2013,"16+","7.3/10","51/100",1
2893,"The Hills",2006,"7+","3.6/10","51/100",1
2892,"Chuggington",2008,"all","5.9/10","51/100",1
2891,"Freakish",2016,"16+","6.3/10","51/100",1
2889,"Kono Oto Tomare!: Sounds of Life",2019,"7+","8.0/10","51/100",1
2888,"Getting On",2009,"16+","8.1/10","51/100",1
2886,"The Aliens",2016,"7+","6.1/10","51/100",1
2885,"Monsterland",2020,null,"5.5/10","51/100",1
2884,"ItaKiss",2008,"16+","7.4/10","51/100",1
2914,"Cults and Extreme Belief",2018,"16+","7.6/10","51/100",1
3011,"Black Cat",2005,"7+","7.1/10","48/100",1
2668,"Banished",2015,"18+","7.4/10","57/100",1
2666,"Packed to the Rafters",2008,"18+","7.4/10","57/100",1
2453,"The Ultimate Fighter",2005,"16+","7.8/10","63/100",1
2452,"The Great North",2021,"16+","6.5/10","63/100",1
2449,"The New York Times Presents",2020,"18+","6.7/10","63/100",1
2448,"Hamilton's Pharmacopeia",2016,"18+","8.9/10","63/100",1
2446,"Four Weddings and a Funeral",2019,"18+","7.2/10","63/100",1
2445,"The Brady Bunch",1969,"all","6.7/10","63/100",1
2443,"National Treasure",2016,null,"7.4/10","63/100",1
2442,"Shots Fired",2017,"16+","6.5/10","63/100",1
2440,"The Hardy Boys",2020,"7+","7.0/10","63/100",1
2456,"Foster's Home for Imaginary Friends",2004,"7+","7.6/10","63/100",1
2439,"Chowder",2007,"7+","7.3/10","63/100",1
2437,"Atlantis",2013,"7+","6.6/10","63/100",1
2436,"Clique",2017,"18+","7.0/10","63/100",1
2432,"Flower of Evil",2020,null,"8.8/10","64/100",1
2431,"Teenage Mutant Ninja Turtles",2012,"7+","7.8/10","64/100",1
2430,"House Hunters",1999,"all","8.1/10","64/100",1
2428,"Chopped",2009,"all","7.5/10","64/100",1
2427,"The First 48",2004,"18+","8.2/10","64/100",1
2426,"Childrens Hospital",2008,"18+","7.8/10","64/100",1
2425,"The Future Diary",2011,"18+","7.6/10","64/100",1
2438,"Travel Man: 48 Hours in...",2015,"7+","8.3/10","63/100",1
2424,"DCI Banks",2011,"16+","7.6/10","64/100",1
2457,"The Tonight Show Starring Jimmy Fallon",2014,"16+","7.2/10","63/100",1
2461,"Yu-Gi-Oh! GX",2004,"all","6.8/10","63/100",1
2493,"Jersey Shore: Family Vacation",2018,"16+","6.6/10","62/100",1
2492,"Murder in the First",2014,"18+","7.3/10","62/100",1
2491,"Mr. Mayor",2021,"16+","6.3/10","62/100",1
2490,"Charlotte",2015,"16+","7.6/10","62/100",1
2488,"General Hospital",1963,"16+","6.5/10","62/100",1
2487,"The Bob Newhart Show",1972,"all","8.1/10","62/100",1
2486,"Melissa & Joey",2010,"16+","7.0/10","62/100",1
2485,"Dragon Ball GT",1996,"7+","6.8/10","62/100",1
2483,"The Three Stooges",1934,"all","8.6/10","62/100",1
2460,"The Dick Van Dyke Show",1961,"all","8.3/10","63/100",1
2482,"K.C. Undercover",2015,"all","6.2/10","62/100",1
2480,"Speechless",2016,"7+","7.6/10","62/100",1
2479,"The Guest Book",2017,"18+","7.2/10","62/100",1
2478,"Duncanville",2020,"16+","6.0/10","62/100",1
2474,"Bless This Mess",2019,"7+","6.9/10","62/100",1
2473,"The Choe Show",2021,null,"8.5/10","62/100",1
2471,"Home Economics",2021,"7+","6.2/10","62/100",1
2467,"Reba",2001,"7+","6.5/10","63/100",1
2466,"Difficult People",2015,"18+","7.0/10","63/100",1
2465,"The Marvelous Misadventures of Flapjack",2008,"7+","7.8/10","63/100",1
2481,"Intervention",2005,"16+","7.8/10","62/100",1
2421,"America's Got Talent",2006,"7+","5.8/10","64/100",1
2419,"CSI: Miami",2002,"16+","6.4/10","64/100",1
2418,"NYPD Blue",1993,"16+","7.6/10","64/100",1
2376,"Being Mary Jane",2014,"16+","7.5/10","66/100",1
2375,"Taxi",1978,"7+","7.7/10","66/100",1
2374,"Dollface",2019,"18+","7.4/10","66/100",1
2373,"Golden Time",2013,"16+","7.6/10","66/100",1
2372,"The Pink Panther",1964,"all","7.6/10","66/100",1
2371,"NEXT",2020,"16+","6.7/10","66/100",1
2370,"Death Parade",2015,"18+","7.9/10","66/100",1
2369,"X-Men: Evolution",2000,"7+","7.8/10","66/100",1
2367,"The Incredible Hulk",1977,"7+","7.0/10","66/100",1
2377,"Drunk History",2013,"16+","7.8/10","65/100",1
2366,"Treadstone",2019,"18+","7.0/10","66/100",1
2363,"Harrow",2018,null,"7.6/10","66/100",1
2362,"Taken",2017,"18+","6.6/10","66/100",1
2361,"Black Lagoon",2006,"18+","8.0/10","66/100",1
2358,"Digimon Adventure",1999,"7+","7.3/10","66/100",1
2357,"Baby Daddy",2012,"16+","7.4/10","66/100",1
2355,"Diabolik Lovers",2013,"16+","5.2/10","66/100",1
2354,"Holey Moley",2019,"7+","6.9/10","66/100",1
2353,"Siren",2018,"7+","7.0/10","66/100",1
2352,"Fruits Basket",2019,"7+","8.6/10","66/100",1
2365,"Catfish: The TV Show",2012,"16+","7.1/10","66/100",1
2378,"Twisted",2013,"16+","7.3/10","65/100",1
2380,"Breakout Kings",2011,"16+","7.3/10","65/100",1
2382,"Scott & Bailey",2011,"7+","8.0/10","65/100",1
2417,"The Conners",2018,"7+","5.3/10","64/100",1
2415,"Hill Street Blues",1981,"16+","8.1/10","64/100",1
2414,"The Mary Tyler Moore Show",1970,"7+","8.1/10","64/100",1
2412,"New Tricks",2003,"7+","7.8/10","64/100",1
2410,"Station 19",2018,"16+","6.7/10","64/100",1
2408,"The Fades",2011,"18+","7.7/10","64/100",1
2407,"Saved by the Bell",1989,"all","7.0/10","64/100",1
4263,"WolfCop",2014,null,null,"58/100",0
2405,"The Kids Are Alright",2018,"7+","7.9/10","64/100",1
2404,"Mushoku Tensei: Jobless Reincarnation",2021,"16+","8.3/10","64/100",1
2403,"Reprisal",2019,"18+","7.5/10","65/100",1
2401,"The First",2018,"18+","6.7/10","65/100",1
2400,"American Housewife",2016,"7+","7.4/10","65/100",1
2399,"Second Chance",2016,"16+","7.5/10","65/100",1
2398,"Fire Force",2019,"16+","7.7/10","65/100",1
2397,"Medium",2005,"16+","7.0/10","65/100",1
2396,"Good Luck Charlie",2010,"all","7.0/10","65/100",1
2395,"Prison School",2015,"18+","7.6/10","65/100",1
2390,"Primeval",2007,"16+","7.3/10","65/100",1
2388,"Noragami",2014,"16+","7.9/10","65/100",1
2387,"Ergo Proxy",2006,"18+","8.0/10","65/100",1
2384,"Law & Order: Organized Crime",2021,"16+","7.6/10","65/100",1
2494,"Family Matters",1989,"all","6.6/10","62/100",1
2499,"American Ninja Warrior",2009,"7+","6.8/10","62/100",1
2501,"Deutschland 86",2018,null,"7.6/10","62/100",1
2502,"Brickleberry",2012,"18+","7.3/10","62/100",1
2616,"America's Funniest Home Videos",1989,"7+","6.2/10","58/100",1
2615,"Full Metal Panic!",2002,"16+","7.7/10","58/100",1
2612,"Star",2016,"16+","6.7/10","59/100",1
2610,"The Food That Built America",2019,"7+","8.5/10","59/100",1
2608,"The Bastard Executioner",2015,"18+","6.2/10","59/100",1
2607,"Upstairs Downstairs",2010,"7+","7.4/10","59/100",1
2604,"Duck Dynasty",2012,"7+","6.2/10","59/100",1
2603,"90 Day Fiancé",2014,"16+","6.4/10","59/100",1
2602,"The Thundermans",2013,"all","5.8/10","59/100",1
2619,"Son of Zorn",2016,"16+","6.8/10","58/100",1
2598,"Naked and Afraid XL",2015,"16+","7.4/10","59/100",1
2596,"Living Single",1993,"7+","7.5/10","59/100",1
2595,"Running Wild with Bear Grylls",2014,"7+","7.7/10","59/100",1
2594,"Songland",2019,"7+","8.0/10","59/100",1
2593,"Space Dandy",2014,"16+","8.1/10","59/100",1
2592,"D.Gray-man",2006,"16+","7.7/10","59/100",1
2589,"Deadly Women",2005,"16+","8.0/10","59/100",1
2588,"Uncle",2014,"16+","7.9/10","59/100",1
2586,"Hellsing",2001,"18+","7.9/10","59/100",1
2585,"Danganronpa: The Animation",2013,"18+","6.9/10","59/100",1
2597,"My 600-lb Life",2012,"16+","6.6/10","59/100",1
2622,"Clarence",2014,"7+","6.6/10","58/100",1
2623,"Kenan",2021,"7+","5.6/10","58/100",1
2626,"Hard Sun",2018,"18+","6.6/10","58/100",1
2665,"Helstrom",2020,null,"6.8/10","57/100",1
2662,"The Legend of the Blue Sea",2016,null,"8.1/10","57/100",1
2661,"Restaurant: Impossible",2011,"all","6.9/10","57/100",1
2658,"Melrose Place",1992,"16+","5.8/10","57/100",1
2654,"The Accident",2019,null,"6.2/10","58/100",1
2652,"Coronation Street",1960,"7+","5.6/10","58/100",1
2651,"WWE Friday Night SmackDown",1999,"7+","7.3/10","58/100",1
2649,"Intruders",2014,"18+","6.7/10","58/100",1
2648,"Chivalry of a Failed Knight",2015,"18+","7.4/10","58/100",1
2646,"Alone Together",2018,"16+","6.5/10","58/100",1
2645,"Deadbeat",2014,"16+","7.4/10","58/100",1
2644,"The UnXplained",2019,"16+","7.3/10","58/100",1
2642,"Married",2014,"18+","7.1/10","58/100",1
2641,"Cutthroat Kitchen",2013,"all","7.3/10","58/100",1
2640,"7th Heaven",1996,"7+","5.2/10","58/100",1
2637,"Midnight Sun",2016,null,"7.5/10","58/100",1
2636,"The Cleveland Show",2009,"16+","5.5/10","58/100",1
2633,"False Flag",2015,null,"7.8/10","58/100",1
2629,"Gordon Ramsay's 24 Hours to Hell and Back",2018,"16+","7.3/10","58/100",1
2628,"Dance Moms",2011,"7+","4.7/10","58/100",1
2627,"Crime Scene Kitchen",2021,null,"7.2/10","58/100",1
2584,"The Masked Singer",2019,"7+","6.0/10","59/100",1
2667,"Oh My Venus",2015,"16+","7.8/10","57/100",1
2580,"Damien",2016,"16+","6.9/10","59/100",1
2577,"Designing Women",1986,"7+","7.1/10","59/100",1
2535,"Expedition Unknown",2015,"7+","8.2/10","60/100",1
2533,"Felicity",1998,"16+","6.8/10","60/100",1
2530,"Mike Tyson Mysteries",2014,"16+","8.1/10","61/100",1
2528,"Kamisama Kiss",2012,"7+","8.1/10","61/100",1
2526,"Burden of Truth",2018,"16+","7.3/10","61/100",1
2525,"Light as a Feather",2018,"16+","6.6/10","61/100",1
2523,"The Practice",1997,"16+","7.7/10","61/100",1
2522,"Perfect Strangers",1986,"7+","7.2/10","61/100",1
2520,"Tyler Perry's The Haves and the Have Nots",2013,"16+","6.0/10","61/100",1
2536,"Rosewood",2015,"16+","6.7/10","60/100",1
2519,"Moone Boy",2012,"16+","8.1/10","61/100",1
2515,"Stan Against Evil",2016,"16+","7.3/10","61/100",1
2514,"Lark Rise to Candleford",2008,"7+","8.1/10","61/100",1
2513,"The Riches",2007,"18+","7.8/10","61/100",1
2512,"Gold Rush",2010,"7+","7.3/10","61/100",1
2511,"Nightwatch",2015,"16+","8.8/10","61/100",1
2510,"American Pickers",2010,"7+","7.0/10","61/100",1
2509,"Wings",1990,"7+","7.2/10","61/100",1
2508,"The Voice",2011,"7+","6.5/10","61/100",1
2506,"Married at First Sight",2014,"7+","6.2/10","61/100",1
2518,"The Carmichael Show",2015,"7+","7.7/10","61/100",1
2537,"The Guardian",2001,"7+","7.4/10","60/100",1
2538,"Jeremiah",2002,"18+","7.0/10","60/100",1
2539,"The Secret of Skinwalker Ranch",2020,"7+","6.1/10","60/100",1
2576,"Teen Titans Go!",2013,"7+","5.4/10","59/100",1
2573,"The Hustler",2021,"7+","7.7/10","59/100",1
2572,"Yona of the Dawn",2014,"16+","8.1/10","59/100",1
2571,"Dietland",2018,"18+","6.5/10","59/100",1
2569,"Baywatch",1989,"7+","5.3/10","60/100",1
2567,"Mountain Men",2012,"7+","7.3/10","60/100",1
2564,"Life Below Zero",2013,"7+","8.0/10","60/100",1
2563,"McLeod's Daughters",2001,"16+","7.2/10","60/100",1
2559,"Bad Banks",2018,"7+","7.9/10","60/100",1
2558,"Diff'rent Strokes",1978,"all","6.6/10","60/100",1
4033,"Rare Exports: A Christmas Tale",2010,"18+",null,"65/100",0
4034,"Gretel & Hansel",2020,"13+",null,"65/100",0
4035,"Mr. Jones",2019,null,null,"65/100",0
4036,"The Limehouse Golem",2016,null,null,"65/100",0
4038,"Open Water",2004,"18+",null,"65/100",0
4039,"Monster Trucks",2016,"7+",null,"65/100",0
4032,"Jawline",2019,null,null,"65/100",0
4041,"Enforcement",2020,null,null,"65/100",0
4043,"Silk Road",2021,"18+",null,"65/100",0
4044,"The Quake",2018,"13+",null,"65/100",0
4045,"Shadow in the Cloud",2021,"18+",null,"65/100",0
4047,"The Man Who Invented Christmas",2017,"7+",null,"65/100",0
4049,"Monos",2019,"18+",null,"65/100",0
4050,"Hearts Beat Loud",2018,"13+",null,"65/100",0
4042,"The Escort",2015,null,null,"65/100",0
4030,"2 Days in Paris",2007,"18+",null,"65/100",0
4028,"Ben Is Back",2018,"18+",null,"65/100",0
4027,"""Hello, My Name Is Doris""",2015,"18+",null,"65/100",0
4002,"Unacknowledged",2017,null,null,"66/100",0
4003,"Beirut",2018,"18+",null,"66/100",0
4005,"Wild Rose",2019,"18+",null,"66/100",0
4007,"Pan",2015,"7+",null,"66/100",0
4008,"McQueen",2018,"18+",null,"66/100",0
4009,"The Man Who Killed Don Quixote",2018,null,null,"66/100",0
4011,"The Sitter",2011,"18+",null,"66/100",0
4012,"Children of the Corn",1984,"18+",null,"66/100",0
4014,"Borgman",2013,null,null,"66/100",0
4015,"Don't Think Twice",2016,"18+",null,"66/100",0
4018,"Second Act",2018,"13+",null,"66/100",0
4021,"How to Train Your Dragon: Homecoming",2019,"7+",null,"65/100",0
4023,"The Guilt Trip",2012,"13+",null,"65/100",0
4024,"The Colony",2013,null,null,"65/100",0
4026,"The World to Come",2020,"18+",null,"65/100",0
4053,"We Are Freestyle Love Supreme",2020,"18+",null,"64/100",0
3998,"Rebel in the Rye",2017,"13+",null,"66/100",0
4054,"Blair Witch",2016,"18+",null,"64/100",0
4056,"A Field in England",2013,null,null,"64/100",0
4085,"They Came Together",2014,"18+",null,"64/100",0
4086,"Totally Under Control",2020,"16+",null,"64/100",0
4088,"Once Upon a Time in Venice",2017,"18+",null,"63/100",0
4089,"The Spy Next Door",2010,"7+",null,"63/100",0
4090,"The Rewrite",2014,"13+",null,"63/100",0
3903,"Hud",1963,null,null,"70/100",0
4167,"Dismissed",2017,null,null,"61/100",0
4552,"Rag Doll",2020,null,null,"48/100",0
3515,"Aurora",2010,null,null,"14/100",1
2326,"Ben 10",2005,"7+","7.3/10","67/100",1
2557,"Dimension 404",2017,"16+","6.6/10","60/100",1
2555,"Being Erica",2009,"16+","7.5/10","60/100",1
2553,"Mr. Pickles",2014,"18+","7.4/10","60/100",1
2551,"Woke",2020,"18+","6.4/10","60/100",1
2550,"Naked and Afraid",2013,"16+","6.6/10","60/100",1
2548,"Ben 10: Omniverse",2012,"7+","6.0/10","60/100",1
2547,"St. Elsewhere",1982,"7+","7.9/10","60/100",1
2545,"Whose Line Is It Anyway? (UK)",1988,"7+","8.2/10","60/100",1
2544,"The Incredible Dr. Pol",2011,"7+","8.6/10","60/100",1
2541,"The Real Housewives of Beverly Hills",2010,"16+","5.1/10","60/100",1
2540,"Dharma & Greg",1997,"16+","6.3/10","60/100",1
2579,"Mobile Suit Gundam Wing",2000,"13+","8.1/10","59/100",1